ViewId,Created,UserName,BeerId
1001,2022-06-10 20:13:04,qwak,116529
1001,2022-07-16 12:43:22,pmarren144,141595
1002,2022-11-24 16:29:23,FlipperSipper,161702
1003,2022-02-11 10:06:41,lachrymethod99,157602
1004,2022-10-14 12:11:37,Bill86,131582
1005,2022-11-20 05:31:45,benpickens,152091
1006,2022-03-20 16:19:05,Brewhambone,150594
1007,2022-05-08 06:42:17,JB84,60241
1008,2022-06-25 10:20:49,somersetcider,60244
1009,2022-05-22 15:43:26,oligb,60242
1010,2022-02-02 17:40:33,JeffWDarvell,152760
1011,2022-09-10 07:07:38,Songerfdi,143126
1012,2022-01-09 09:05:44,confusedgeek,120915
1013,2022-04-20 03:17:12,allahcat,102762
1014,2022-05-21 17:31:43,nsconductor,107441
1015,2022-08-24 00:54:43,MADpalace,131953
1016,2022-12-01 10:29:54,Verecund,92858
1017,2022-10-27 01:25:47,wadde,73017
1018,2022-02-05 06:14:08,mikeman21,89551
1019,2022-05-05 23:51:10,Rochfort10,64420
1020,2022-03-08 13:57:09,rayl101,114880
1021,2022-10-13 11:04:24,fankster,126256
1022,2022-03-24 05:57:26,jmikolich,89607
1023,2022-11-27 02:28:38,goryshkewych,87869
1024,2022-11-15 13:55:09,chris77walker,143969
1025,2022-11-18 05:01:57,josefisagod,105744
1026,2022-01-23 22:50:49,camachjb,38438
1027,2022-02-24 15:56:55,dstinsley,125934
1028,2022-03-10 18:02:12,Markbitton,18939
1029,2022-02-23 16:40:18,mister38,51476
1030,2022-02-15 17:29:51,vinnybigs,38436
1031,2022-11-22 03:28:57,compert,18937
1032,2022-05-20 10:16:59,Vav,42898
1033,2022-10-09 06:44:54,wahiawa,46131
1034,2022-05-06 00:13:27,hopsMD,35899
1035,2022-12-16 17:24:09,demartino,38439
1036,2022-08-16 04:26:55,Tyrser75,85439
1037,2022-07-09 17:11:07,Indutiomarus,146258
1038,2022-11-14 07:10:51,alexdagrate,18938
1039,2022-03-24 03:52:03,bbrylski199,40273
1040,2022-01-24 10:24:58,mondungu,133347
1041,2022-01-04 14:12:29,amazinglopedo,75972
1042,2022-06-06 12:58:18,addonisss,140277
1043,2022-10-28 01:11:19,wassonc,58871
1044,2022-10-28 08:55:55,TLHD,38437
1045,2022-02-11 16:48:02,jaggedice,20567
1046,2022-11-26 21:09:17,RockClimbing,49727
1047,2022-04-27 18:41:53,mdcantrell,49130
1048,2022-09-18 21:14:47,eclaycamp,93555
1049,2022-05-03 15:16:25,Jasjin,49129
1050,2022-09-27 00:35:12,TheKegergator,92648
1051,2022-12-13 11:18:46,amee16,6402
1052,2022-08-21 16:13:26,sapphie,6405
1053,2022-05-12 14:06:58,DrinkEmUpJones,5940
1054,2022-01-28 16:20:32,HappyHops,121698
1055,2022-04-20 15:39:09,jokeefe80,6403
1056,2022-05-11 00:38:16,snoot87,10863
1057,2022-02-19 16:32:18,roccotool,14361
1058,2022-09-19 12:13:01,lawbagada,6404
1059,2022-04-10 04:39:50,marook,112861
1060,2022-05-04 13:54:05,Robbopotamus,112860
1061,2022-10-05 17:55:39,onlyut99,141384
1062,2022-07-03 15:49:24,diegoma,47185
1063,2022-05-14 02:34:28,esomara,126309
1064,2022-02-03 08:54:43,Bald_Guy,93843
1065,2022-07-20 01:47:05,dmac,47184
1066,2022-09-09 13:40:48,dbzzz1,47182
1067,2022-11-14 20:21:47,Ronnie,47187
1068,2022-03-05 01:19:51,fjager99,91292
1069,2022-07-13 03:51:53,benself,54495
1070,2022-07-01 14:03:38,CKCK,33565
1071,2022-09-25 11:09:19,FirmButtstone,53031
1072,2022-04-23 13:57:26,homebrewer799,35555
1073,2022-10-20 18:05:56,ewdrye,35763
1074,2022-04-20 19:36:40,elsberry,65628
1075,2022-02-19 06:34:59,jonnyg3323,71510
1076,2022-11-19 04:13:56,MarkD,117470
1077,2022-09-04 18:24:14,dingol66,47180
1078,2022-05-28 18:26:32,CameronII,47183
1079,2022-07-24 13:40:53,leopoldgerard,39438
1080,2022-05-05 10:24:05,Peer5863,33670
1081,2022-08-12 01:16:46,BarKeeper,56397
1082,2022-10-20 12:32:48,birradelgallo,139229
1083,2022-07-08 14:47:04,adoringava,47181
1084,2022-07-07 09:25:52,cbrixius,104944
1085,2022-08-26 23:28:43,jason69,22159
1086,2022-04-07 10:51:07,heylrule,83931
1087,2022-09-20 22:16:39,JTWebb,93842
1088,2022-02-11 17:43:25,johnprtekyd,152939
1089,2022-09-13 06:19:26,Caton,99707
1090,2022-07-28 20:35:56,garrad,101516
1091,2022-12-25 13:45:39,Famousdog,59077
1092,2022-11-02 07:54:50,iamjond,47186
1093,2022-12-05 15:02:53,Putro,82706
1094,2022-12-01 09:03:52,beermaven,47179
1095,2022-09-09 07:23:04,GREGER,147788
1096,2022-10-13 10:16:38,asatterlund,112307
1097,2022-12-19 12:38:37,Jarlaxle,143398
1098,2022-03-10 15:55:27,Jeronimus99,117474
1099,2022-09-17 14:18:32,kujo9,121651
1100,2022-06-22 14:40:19,cirrosis,100744
1101,2022-05-01 14:43:13,flavorflan,117630
1102,2022-11-20 22:09:18,ciamfit,161221
1103,2022-04-26 01:46:08,AlKHall,114669
1104,2022-08-24 00:08:13,Lorimar,107129
1105,2022-11-19 16:02:58,john81,114108
1106,2022-03-11 06:07:15,Hobbledehoy,122132
1107,2022-05-16 12:12:48,trmackenzie,145874
1108,2022-04-17 23:34:15,MikeLovesYou,95878
1109,2022-01-13 10:04:10,Sjano,139053
1110,2022-07-07 21:37:25,DownsouthGav,109800
1111,2022-09-02 08:06:08,hartsville27,135648
1112,2022-03-18 05:58:55,wvernon1981,111620
1113,2022-03-22 19:24:49,41cubs,152065
1114,2022-07-14 04:09:12,theisti,25678
1115,2022-04-28 18:28:24,EnderKiller,91381
1116,2022-07-06 19:52:25,trueblue3167,118641
1117,2022-12-03 19:15:20,PC,82309
1118,2022-01-03 02:28:59,crosamich,76619
1119,2022-12-21 06:52:23,goldmember,67599
1120,2022-04-01 06:50:39,TLNash886,76620
1121,2022-12-18 18:04:35,pointer11,76621
1122,2022-11-27 22:45:27,Darkefire,153051
1123,2022-08-25 08:01:31,thelady,153052
1124,2022-05-17 03:23:49,math,129704
1125,2022-10-24 19:55:44,lotty,90637
1126,2022-01-04 17:29:36,Graze,98945
1127,2022-06-25 20:36:06,oldthumper,75393
1128,2022-11-24 10:27:02,jaron,132066
1129,2022-04-05 09:15:44,pgilligan,140832
1130,2022-03-26 08:12:17,kc8wor,87998
1131,2022-05-18 22:10:26,fmbrewing,136809
1132,2022-10-19 13:10:08,mattdz0,144177
1133,2022-01-16 23:19:22,caseyjones27,77157
1134,2022-01-28 20:47:11,Chel,132307
1135,2022-03-02 12:07:39,vodka4blood,144176
1136,2022-10-26 16:59:52,USCBeerMan,58565
1137,2022-12-08 07:26:09,craigketo,132305
1138,2022-07-16 06:38:59,Tiberious_416,56367
1139,2022-08-04 07:50:38,Kronz,132072
1140,2022-09-23 16:16:35,Crocket47,111054
1141,2022-12-21 03:40:38,noelcb,100230
1142,2022-02-22 01:07:01,hefehound,96733
1143,2022-07-10 12:20:43,weissch,58161
1144,2022-10-01 19:59:20,AlexCorleone,87981
1145,2022-09-21 07:14:36,wreckosaurus,144937
1146,2022-01-13 17:56:09,zen,156954
1147,2022-06-04 07:18:40,AxeMaster221,144934
1148,2022-09-15 00:06:52,hopdoge,160045
1149,2022-12-10 02:48:22,rakawai,148466
1150,2022-05-17 03:23:18,tympanic,144935
1151,2022-04-05 22:26:17,brewmeistersgb,144936
1152,2022-05-18 08:55:50,beerradley,157727
1153,2022-04-18 12:15:28,bostonjoe,150710
1154,2022-04-03 18:22:09,Mostoboy,136917
1155,2022-06-17 09:38:46,thehoop,127617
1156,2022-12-15 12:19:54,ebmalon,139752
1157,2022-08-27 10:10:29,abc2248,151226
1158,2022-04-28 13:40:38,Ensoniq,127615
1159,2022-02-23 04:43:16,BigRigg120,146822
1160,2022-08-07 16:33:33,Ralphie,136916
1161,2022-09-03 11:04:26,Hayo,149678
1162,2022-04-05 21:33:58,LanceUppercut,143877
1163,2022-12-27 18:33:21,mnicole,127616
1164,2022-02-10 21:14:25,Quone,141800
1165,2022-12-27 03:57:19,shadrock7,151223
1166,2022-03-19 23:38:12,jtur88,125308
1167,2022-03-15 19:43:26,kaseyk,146823
1168,2022-04-20 09:22:39,TomStew,137566
1169,2022-01-06 07:03:44,AserHapi,143878
1170,2022-10-26 01:40:33,zinkmeister86,139753
1171,2022-03-27 19:53:57,Alvie999,162946
1172,2022-09-11 18:18:54,iguanodon,129069
1173,2022-04-10 09:59:19,tagen,124840
1174,2022-01-15 18:47:16,honeyballs,138193
1175,2022-02-22 17:33:44,SammyB1988,124951
1176,2022-09-13 23:23:50,hoppygrrrl,137719
1177,2022-09-17 04:05:40,jimbotrost,137720
1178,2022-07-27 01:50:02,fishman,91183
1179,2022-02-19 05:24:01,JohnnyCougar,100701
1180,2022-10-09 03:01:18,iwc046,48781
1181,2022-12-01 06:21:45,dudephil99,154994
1182,2022-02-23 22:25:35,spankafied,114353
1183,2022-11-10 02:23:22,malfino,155026
1184,2022-06-11 01:17:55,jiggitytiggity,26785
1185,2022-10-17 08:57:52,LeChi,21099
1186,2022-07-21 23:03:54,thebeertourist,50013
1187,2022-05-03 16:13:43,tom127,13843
1188,2022-10-23 22:29:26,BT,13802
1189,2022-02-06 23:04:34,hawkinmi,44403
1190,2022-06-10 13:02:31,Publican1,64978
1191,2022-06-01 19:30:55,NigelH,9196
1192,2022-08-26 21:44:08,Terminus,1039
1193,2022-05-12 15:16:57,kansassooner,80863
1194,2022-04-07 15:02:07,DrRobert99,68966
1195,2022-12-24 12:13:56,pschut,64979
1196,2022-01-11 19:18:10,hoplover,14018
1197,2022-10-08 16:31:09,altivoid,6185
1198,2022-12-04 04:22:12,jthieling,31710
1199,2022-03-02 04:30:51,BeautyandBeast,13836
1200,2022-11-02 03:09:49,samistake2ice,47035
1201,2022-06-11 20:08:25,gsmitty80,150873
1202,2022-04-05 23:13:57,andypeters,34759
1203,2022-03-17 15:22:44,BeerNJagerYum,15576
1204,2022-07-15 12:32:33,valcanan,24970
1205,2022-02-09 08:01:22,villevav,14462
1206,2022-12-27 15:42:52,geekything99,17377
1207,2022-08-04 12:27:46,RobPut,22718
1208,2022-01-15 11:20:31,greencatfish,78515
1209,2022-09-16 06:46:43,HeXeD99,6183
1210,2022-09-28 22:19:54,Crowley,23327
1211,2022-03-18 03:36:52,Chin0,138802
1212,2022-04-19 08:08:46,woodfaery,10684
1213,2022-04-13 22:52:31,kdrobb2k,149915
1214,2022-04-05 18:45:24,joshrosborne,107341
1215,2022-02-14 10:59:19,threefrenchs,48360
1216,2022-02-24 01:58:24,GaryBee,95808
1217,2022-07-01 01:07:18,davidCC,136669
1218,2022-01-12 00:30:38,Ariston,58721
1219,2022-05-08 22:46:50,Juha,130745
1220,2022-01-12 09:45:34,bax,14539
1221,2022-03-02 01:08:18,telefrog,6181
1222,2022-04-21 17:26:24,olepro6,35073
1223,2022-08-26 06:04:48,ExSpectator,107342
1224,2022-01-26 23:37:58,Manko,2208
1225,2022-08-16 08:40:43,lawdog04,5527
1226,2022-06-22 19:54:26,Zane_Hilton,5528
1227,2022-02-05 04:47:50,kinob,6639
1228,2022-08-13 00:09:03,Willis,3099
1229,2022-02-03 22:20:59,haramachi,24983
1230,2022-08-03 17:23:36,Elwin,4986
1231,2022-06-03 22:15:52,BobbyW3363,59324
1232,2022-05-11 21:41:20,Cowtown57,3430
1233,2022-11-26 10:32:05,artistsatwork,3098
1234,2022-06-18 09:05:30,TurkeyBoy,24981
1235,2022-02-22 22:12:46,joestein,39865
1236,2022-01-15 05:17:38,dbski123,8389
1237,2022-04-28 20:21:17,hydropro42,7729
1238,2022-05-17 15:53:30,daliles99,2209
1239,2022-06-03 17:16:41,NephrenKa,40460
1240,2022-05-24 09:49:05,gardenofhos,2210
1241,2022-06-12 05:16:35,chooch74,5963
1242,2022-08-04 12:48:10,cdove1980,3205
1243,2022-07-21 08:20:24,cssprain,24984
1244,2022-09-22 06:11:26,mtcreeklover,2207
1245,2022-06-13 19:08:38,hacim,2176
1246,2022-01-11 13:50:02,Petrucci914,6640
1247,2022-06-22 14:57:21,kurtm3,100763
1248,2022-05-16 14:21:08,sagatrap,107294
1249,2022-09-24 20:42:03,Salamanderslam,129355
1250,2022-06-18 05:05:18,tcekolin,129323
1251,2022-11-04 05:13:09,beermakefat,147591
1252,2022-07-14 12:47:50,Plastus99,94648
1253,2022-11-14 12:37:56,markmm777,104738
1254,2022-07-08 13:23:18,lakersfan16,129354
1255,2022-08-01 09:53:55,AreBeezy,108556
1256,2022-04-20 14:56:57,Tune,128917
1257,2022-01-02 03:28:17,mxpx5678,108563
1258,2022-02-26 07:11:32,yitbos96bb,151193
1259,2022-02-09 16:44:05,stoutsman533,108557
1260,2022-09-13 09:37:37,BrewDawg21,152620
1261,2022-05-19 23:27:03,ZTO,124953
1262,2022-04-15 22:57:18,Tcufrog,150387
1263,2022-03-24 23:20:01,beeryswine,91071
1264,2022-10-17 02:35:42,jamrootz,104741
1265,2022-05-07 06:22:55,dmtaylo1,94386
1266,2022-01-04 00:32:53,alfamac,126929
1267,2022-01-01 15:40:11,dehory,108555
1268,2022-10-01 00:59:46,bpsmyth,104740
1269,2022-08-27 13:12:09,Countbeer,129580
1270,2022-08-03 21:35:09,monkeyman1970,124884
1271,2022-10-10 15:10:41,AlexF4099,93520
1272,2022-06-26 07:22:24,JB175,104735
1273,2022-08-05 06:50:23,alohabrewer,132917
1274,2022-12-08 09:22:03,HelloNasty,125317
1275,2022-05-14 06:37:56,Juhani,97560
1276,2022-10-13 19:51:34,Bielenberg,97557
1277,2022-01-17 04:06:21,Audio,107476
1278,2022-09-11 08:35:27,schneia,91069
1279,2022-06-17 08:20:19,jeverszeuge,131622
1280,2022-06-28 08:55:21,Kash,133769
1281,2022-08-25 07:33:21,Logethan,107293
1282,2022-01-04 10:24:13,tucsonsam,97561
1283,2022-03-16 04:57:45,Psykling,151609
1284,2022-03-25 21:48:52,ExUTex,129604
1285,2022-05-28 19:34:57,Weldone,124798
1286,2022-12-18 06:11:40,milkman,151194
1287,2022-12-28 20:25:43,Zrut,119924
1288,2022-08-04 13:29:09,gopher,133770
1289,2022-09-12 14:34:37,Bosco,140686
1290,2022-08-06 14:26:37,Jilaman,94592
1291,2022-08-09 08:31:45,Baltolip99,147590
1292,2022-08-04 14:33:37,jedflight,97558
1293,2022-11-26 01:07:56,michcam8,133726
1294,2022-02-18 01:32:42,Ohmybock,94427
1295,2022-11-23 06:40:31,teebradford,132893
1296,2022-07-27 04:31:11,Unibonger,149975
1297,2022-09-17 11:35:54,ssd123,151648
1298,2022-06-08 15:08:42,Juicebag,88359
1299,2022-02-08 05:17:07,wgerbick,147594
1300,2022-04-20 10:14:56,DAwoodennickel,161059
1301,2022-11-09 15:12:54,Caffeinefreak,147589
1302,2022-01-11 06:32:57,007Lager,140993
1303,2022-09-06 16:42:33,jrt,106219
1304,2022-05-08 03:59:14,Narnad,147593
1305,2022-09-03 03:20:55,McGuffy,149912
1306,2022-10-02 11:34:44,UGADAWG,124883
1307,2022-06-15 00:27:53,Kalli,93521
1308,2022-03-18 02:57:14,Bashley11,124144
1309,2022-06-07 07:26:36,beninak,108540
1310,2022-06-17 06:51:39,AndresTM,104734
1311,2022-11-04 13:31:02,SoVTbeerman,100518
1312,2022-09-18 14:26:52,faulstich,152621
1313,2022-04-07 06:05:58,GranvilleTim,104743
1314,2022-05-28 14:27:36,jjauga,152618
1315,2022-04-28 17:48:52,MrSalty,133378
1316,2022-01-21 08:47:32,whiteman1488,154366
1317,2022-07-06 14:51:31,jimmiec,94369
1318,2022-04-16 06:24:17,fayez,94745
1319,2022-11-16 18:33:31,fobar,119927
1320,2022-01-20 12:09:39,BBrew100,111430
1321,2022-11-07 13:55:47,phunkyphish3,162275
1322,2022-06-07 02:48:39,Divineepiphany,91072
1323,2022-11-05 16:04:03,Casey627,133768
1324,2022-08-25 09:58:36,nige69,130041
1325,2022-09-03 10:25:20,jnk7711,104742
1326,2022-05-12 05:17:13,wortmeister,94462
1327,2022-04-10 17:02:54,Fishlake,159509
1328,2022-10-17 12:34:04,toncatcher,133423
1329,2022-05-20 01:07:15,RickyC,162274
1330,2022-02-21 21:46:57,kozfromupnort,151610
1331,2022-12-23 08:42:48,joehiatt,119925
1332,2022-02-01 21:55:39,dolphz,154365
1333,2022-12-06 05:50:08,schocha610,104736
1334,2022-10-03 23:37:02,mcnatty,100277
1335,2022-01-06 06:39:16,CraftBeerNick,76167
1336,2022-01-24 21:36:04,ligraja,5915
1337,2022-09-28 12:44:23,JimStark,36789
1338,2022-05-08 20:42:33,Geoff40K,75140
1339,2022-05-01 10:23:44,Massey,6265
1340,2022-03-06 13:33:55,siokaos,15212
1341,2022-12-10 07:26:41,devreemde,43321
1342,2022-09-15 19:04:03,JayBaxter,15504
1343,2022-06-06 21:41:52,Craybees,62086
1344,2022-12-14 19:09:42,GrooveDaddy,149469
1345,2022-09-07 08:28:53,cavbeerscout,5914
1346,2022-12-06 18:42:20,magildagom,15506
1347,2022-10-18 01:06:49,fibus,76342
1348,2022-11-16 23:46:09,caps10784,15503
1349,2022-09-06 12:40:15,BnMBrewCrew,106967
1350,2022-03-12 23:44:08,paulskee,6264
1351,2022-05-03 21:41:06,beanboots1912,149470
1352,2022-11-04 04:24:43,Goldorak,74445
1353,2022-04-18 07:14:39,cbooth,136855
1354,2022-02-28 17:20:40,waltdavis299,55247
1355,2022-11-20 07:27:23,mauropd,84472
1356,2022-01-14 17:28:43,canelia,85084
1357,2022-03-02 01:20:41,lordeche,43320
1358,2022-01-09 21:54:43,Corbinian,64453
1359,2022-08-19 02:25:39,goatpidgin,71362
1360,2022-10-23 05:38:25,Perm,64448
1361,2022-04-22 11:01:23,hopswine,88443
1362,2022-11-05 08:09:07,fifelee,64450
1363,2022-01-13 02:01:48,BigBang,72302
1364,2022-07-08 17:54:26,Darthsimon99,108132
1365,2022-10-14 11:52:49,SkyHigh420,71361
1366,2022-06-13 08:48:39,IAN THE PIMP99,152693
1367,2022-11-11 22:04:41,blackandgold11,102882
1368,2022-03-13 22:25:26,herrfreitag,121465
1369,2022-01-20 05:59:18,gordojays,105085
1370,2022-07-19 01:11:24,cspascal,152261
1371,2022-05-17 02:18:24,thatbiogeek,131786
1372,2022-05-11 07:39:34,high%alcohol,97611
1373,2022-12-28 01:03:17,kevobutler,118958
1374,2022-04-12 06:15:17,oldstyle,131491
1375,2022-06-07 01:26:40,BeerDude78,99169
1376,2022-06-19 06:30:41,BeerSurferSD,95956
1377,2022-05-15 07:04:14,BlackLabEddie,104999
1378,2022-01-18 10:38:53,classact813,94901
1379,2022-07-19 22:04:31,gtranny,89776
1380,2022-07-10 20:31:04,gulernhagen,2020
1381,2022-04-16 09:05:19,Thprovider,2024
1382,2022-02-24 19:56:54,BeerVikingLS,41548
1383,2022-08-28 15:50:41,Bigdog34,108236
1384,2022-10-23 11:55:58,dailybrews,17508
1385,2022-06-25 06:56:53,adkwild420,9575
1386,2022-05-24 16:26:22,Adrian,96153
1387,2022-10-09 08:54:49,stpiker,57638
1388,2022-07-21 11:53:58,hartleyhare,13647
1389,2022-01-19 21:53:25,HsvBeer,126039
1390,2022-12-26 09:44:36,batguy21784,146730
1391,2022-11-01 08:53:10,JamesCory,12569
1392,2022-05-28 23:09:56,centreline05,121248
1393,2022-10-20 08:01:03,JayF82,146731
1394,2022-12-22 01:13:07,adamwilkes14,156742
1395,2022-02-06 05:15:30,gargoyle32,18915
1396,2022-04-27 04:34:25,largeselection,35297
1397,2022-06-21 00:11:36,chinatown,156743
1398,2022-06-27 04:12:46,jatkabrewno58,10665
1399,2022-10-02 15:30:42,catcholden,20549
1400,2022-09-19 08:47:18,PierreCelis,124323
1401,2022-08-25 07:05:39,naersjoen,7148
1402,2022-08-23 04:08:27,BomberPilot,120549
1403,2022-05-05 19:31:48,SchlitzWilkos,70927
1404,2022-04-23 01:57:44,mnc,7149
1405,2022-01-22 14:15:37,dinom,148240
1406,2022-03-10 10:07:12,EB,7151
1407,2022-08-21 04:30:43,humulus,8117
1408,2022-04-11 22:52:37,s0me0nesmind1,70928
1409,2022-08-09 00:53:38,AntiLagerChap,148122
1410,2022-03-24 22:27:49,mybadbox,24262
1411,2022-08-27 00:30:01,jgilje,38404
1412,2022-07-28 11:20:25,brewhobo22,134839
1413,2022-06-12 14:01:38,rsyemmr,70929
1414,2022-09-03 11:05:28,endersworld,126038
1415,2022-02-22 15:02:07,blueoxen,86734
1416,2022-11-04 00:31:09,johnman72,7482
1417,2022-06-08 23:22:26,Misformore,66800
1418,2022-08-20 14:43:55,edden,11730
1419,2022-05-04 23:55:49,loafgoat,141271
1420,2022-11-19 01:18:24,baltimador,81851
1421,2022-04-13 04:41:12,russghost,28458
1422,2022-01-11 16:03:45,ryanhurst,7214
1423,2022-07-06 07:31:01,BrianDorry55,23202
1424,2022-06-19 00:59:05,Capman62,139337
1425,2022-11-11 06:14:35,morebier4me,7150
1426,2022-10-25 19:08:53,buzzmccoy1,11110
1427,2022-12-21 18:14:51,HuntHops,27783
1428,2022-09-08 21:54:18,pauls_parade,55681
1429,2022-06-13 00:48:05,BlueSea,126752
1430,2022-01-23 22:28:36,KOTBA,126751
1431,2022-07-27 10:39:24,Melanie,80726
1432,2022-04-03 14:12:44,wpp83,80729
1433,2022-01-01 20:14:23,Different,80728
1434,2022-06-13 00:25:14,SynergyXJ,151905
1435,2022-02-14 04:08:40,gus07,22312
1436,2022-08-10 20:56:09,Sandemon,8696
1437,2022-05-18 16:38:55,bconklin,18465
1438,2022-06-15 12:36:07,beleth,22098
1439,2022-08-16 16:02:13,chrismontelius,18464
1440,2022-06-01 23:45:27,gksailor,35353
1441,2022-10-27 10:42:39,brejaam,60717
1442,2022-11-17 05:03:07,RIXBREW,124535
1443,2022-07-23 15:41:25,SigEpStyles,130232
1444,2022-06-28 04:13:17,SantAntonio,118530
1445,2022-12-23 10:23:28,kyedumo,74746
1446,2022-10-05 07:05:39,esp0r,53424
1447,2022-02-02 15:03:11,johninPA,53426
1448,2022-07-11 01:10:42,herdfan,53423
1449,2022-02-08 04:07:51,baaj,46529
1450,2022-12-08 12:03:10,wrecked,10632
1451,2022-02-13 23:49:09,eugeneplatinum,66650
1452,2022-01-11 15:08:48,tuco,82839
1453,2022-04-15 05:31:30,Walberla,106375
1454,2022-10-16 11:36:02,JohnDenver,120492
1455,2022-05-03 08:33:25,Beads77,100164
1456,2022-09-20 13:46:24,184601,62736
1457,2022-09-17 03:14:42,Reelingsilk,126997
1458,2022-09-28 08:22:55,velcro99,63589
1459,2022-10-17 20:26:25,MissKicha,75527
1460,2022-02-03 08:46:32,BvilleBronc,117213
1461,2022-12-16 05:08:32,sblakey,110882
1462,2022-03-08 11:28:39,Beer Wench99,95692
1463,2022-04-06 08:07:43,Lucamanman,43340
1464,2022-12-13 10:32:58,Dreadly,16103
1465,2022-06-20 06:37:57,XSP,80403
1466,2022-11-28 11:41:39,snowotter,128541
1467,2022-09-11 14:32:36,WuAnquo1,149647
1468,2022-11-26 07:06:23,FenOswin,50535
1469,2022-12-27 10:15:12,kold beers99,92132
1470,2022-04-21 09:31:18,KidVenom,91319
1471,2022-06-03 22:48:49,Skou,46531
1472,2022-11-17 22:58:48,bythe40,124484
1473,2022-05-24 23:54:31,baraciisch,19231
1474,2022-09-06 16:14:59,TampaTom,14753
1475,2022-05-05 18:25:02,einhorn,55806
1476,2022-02-13 21:11:50,jsquire,124485
1477,2022-04-07 07:30:04,alpo99,83595
1478,2022-11-16 10:27:23,BigTomZ,15573
1479,2022-03-01 06:16:20,ImcallinBF,112294
1480,2022-08-12 10:32:07,knezek,69964
1481,2022-10-27 02:50:19,ScottyRock,69926
1482,2022-11-23 19:45:48,khwheel,84900
1483,2022-02-14 23:21:04,Bassbydan,149648
1484,2022-02-03 10:36:34,beer4abuckeye,66060
1485,2022-01-24 09:26:32,Brewerbob,94274
1486,2022-12-25 14:28:47,anbrew,124483
1487,2022-06-19 11:58:56,beerfanguru,91318
1488,2022-01-27 11:13:18,akim,32854
1489,2022-07-25 13:12:10,njgood,10624
1490,2022-12-23 06:56:16,guntlipz,15561
1491,2022-04-05 18:20:35,morbier,79651
1492,2022-05-23 21:18:40,jackricci,124481
1493,2022-05-05 21:31:46,BluePhish,15562
1494,2022-03-13 21:06:48,nimbleprop,162483
1495,2022-05-03 11:21:07,DanielNylander99,52521
1496,2022-01-12 00:37:30,toddomundo,50534
1497,2022-01-01 19:07:27,gar187er,122234
1498,2022-05-04 06:53:39,dirtymike,19230
1499,2022-02-21 05:20:23,busster88,135143
1500,2022-09-16 02:33:53,DonKi11uminati,162485
1501,2022-02-21 12:41:05,Skyview,83540
1502,2022-07-06 21:29:42,mrbeakersalesman99,81260
1503,2022-03-01 15:57:30,paw99,4165
1504,2022-11-11 12:22:47,Immerseel,4161
1505,2022-02-13 01:05:07,brettpace,71924
1506,2022-03-17 17:14:02,Hinez57,156910
1507,2022-06-24 04:30:42,odannyob,4166
1508,2022-09-07 04:57:57,turtleboy,91637
1509,2022-05-18 13:42:49,clondest99,106405
1510,2022-01-25 06:16:54,aquamahn,4159
1511,2022-10-27 07:52:35,Tripplebeer,97175
1512,2022-12-11 16:32:02,rhapsouldize,72143
1513,2022-03-14 05:06:30,Muckrakerr,72142
1514,2022-07-22 18:17:09,peezer,36802
1515,2022-03-01 17:39:47,Varkias4199,91736
1516,2022-09-13 06:25:46,guess30629,140543
1517,2022-03-12 22:53:13,vintagefergie,148209
1518,2022-12-02 13:07:49,stobbe74,34661
1519,2022-10-05 14:14:28,wike15,27812
1520,2022-12-25 22:57:48,dacoot,33170
1521,2022-06-21 12:28:01,hauserc,161870
1522,2022-02-25 09:11:32,cansdap,138547
1523,2022-11-08 08:57:05,Shadallion,4588
1524,2022-05-22 19:40:09,TheCiderMan,10387
1525,2022-04-16 20:02:20,voota,24315
1526,2022-11-02 18:28:50,grease,4586
1527,2022-01-20 07:06:42,LarvalChemist,13405
1528,2022-02-08 08:58:34,direwolf9,6897
1529,2022-04-16 08:16:32,jwdevalue,17152
1530,2022-12-28 19:51:50,Bwinebeez,6871
1531,2022-08-13 13:19:35,toulstrup,11251
1532,2022-10-28 12:48:14,ksurkin,21679
1533,2022-01-09 07:25:07,Backle,17197
1534,2022-07-13 19:09:59,nmbeergeek,4589
1535,2022-03-24 02:42:39,ajbitt,19863
1536,2022-11-27 16:32:54,JJJC3299,4587
1537,2022-03-19 22:31:14,weark,11238
1538,2022-07-04 19:21:22,BDQ96,10390
1539,2022-08-06 21:19:31,Balbute,12455
1540,2022-06-12 10:43:03,rockbeer,11911
1541,2022-11-11 22:18:29,f1fan77,12456
1542,2022-07-05 05:30:26,bum76,99384
1543,2022-09-06 09:18:43,99cents,99386
1544,2022-04-16 22:19:57,doomfistinc,159709
1545,2022-12-06 00:35:02,lovebeer1or2,99385
1546,2022-08-05 16:51:49,hippie99,154902
1547,2022-05-26 08:33:11,kbnooshay,154903
1548,2022-12-24 04:41:32,palmtreefrb,131941
1549,2022-08-07 17:17:34,subl1me55,131942
1550,2022-09-10 06:42:30,dcon,87811
1551,2022-11-18 04:10:28,Lester,71337
1552,2022-10-22 14:24:47,celebravar,55667
1553,2022-12-30 06:18:55,urbanight23,71309
1554,2022-10-29 10:25:29,Jsapunor,132391
1555,2022-11-29 15:33:45,poolboy,112343
1556,2022-10-29 18:11:03,tomhenderson,132388
1557,2022-03-08 02:29:46,migkix,132392
1558,2022-03-29 07:16:05,jeb7755,112344
1559,2022-12-27 09:53:29,badczech,132390
1560,2022-09-03 22:51:50,DownSideFX,112342
1561,2022-06-04 07:46:05,Bilwaukee,162473
1562,2022-12-08 06:15:24,fonker,13998
1563,2022-08-21 01:51:20,notwoohoo,13993
1564,2022-04-03 13:51:28,roadart,13992
1565,2022-07-29 14:23:11,richieb23,132982
1566,2022-05-22 13:34:47,papsdatank,132981
1567,2022-07-02 02:35:24,unionpwr,12352
1568,2022-07-29 17:02:28,idbowman82,12351
1569,2022-12-06 17:11:04,dmbobo,12353
1570,2022-11-28 13:02:13,axonjaxon,36494
1571,2022-07-24 00:45:34,Cheeze99,41140
1572,2022-07-26 08:22:01,Bigfootscorpse,52270
1573,2022-06-19 04:39:39,INDASTRIA,158022
1574,2022-09-01 23:26:53,roznb,87721
1575,2022-12-06 11:49:36,Ralle1900,47484
1576,2022-07-18 08:17:59,GMUcrew7,142751
1577,2022-07-18 05:35:53,whook,62731
1578,2022-05-23 03:36:54,maltandhops,55954
1579,2022-06-29 12:51:40,beerman,86424
1580,2022-06-05 20:05:35,crazywoodsman,23646
1581,2022-07-29 20:34:18,SamBeish,132538
1582,2022-05-25 05:40:03,andrew01,10260
1583,2022-07-10 22:17:25,Heff,158544
1584,2022-11-26 00:58:18,keithmoon,32914
1585,2022-06-20 14:47:48,Finley,52840
1586,2022-10-10 19:12:33,HopHeadinAZ,15278
1587,2022-08-10 10:41:33,BeerKristine,86426
1588,2022-10-15 06:20:27,MrSnoot99,10259
1589,2022-03-24 13:41:26,Goofster,32915
1590,2022-09-10 08:20:18,chryma64,15318
1591,2022-08-16 03:45:53,swiller,15320
1592,2022-12-05 15:29:26,zak,87722
1593,2022-10-08 01:52:43,erbiumyag,12370
1594,2022-12-21 06:43:24,gwolf,10263
1595,2022-04-15 22:29:25,TokeDawg,135491
1596,2022-08-22 01:26:01,organicbrewer,53545
1597,2022-04-02 04:50:16,amccormi,15317
1598,2022-08-16 13:01:07,modulated,102136
1599,2022-11-19 13:43:15,chouffe,71552
1600,2022-12-06 17:33:56,blanstuf,123592
1601,2022-04-24 20:40:55,smartbrewing,62937
1602,2022-10-19 13:57:40,kylemichelson,71554
1603,2022-10-24 12:20:13,Mane,45885
1604,2022-03-12 19:42:36,DavidYoung,108340
1605,2022-07-03 19:40:36,socialoutkast,89565
1606,2022-03-12 05:30:58,rain0213,45887
1607,2022-12-28 00:32:54,FranckVauban,74171
1608,2022-05-09 06:37:01,Motomille99,62871
1609,2022-07-24 03:34:21,MrRomero,112372
1610,2022-06-24 12:47:21,Spamvr6,87101
1611,2022-03-10 01:14:29,Mechtly,84608
1612,2022-06-06 15:18:15,paintz55,51136
1613,2022-04-08 09:20:35,RSRIZZO,45888
1614,2022-12-09 20:34:14,Otje,156785
1615,2022-09-01 21:14:34,Steven,89566
1616,2022-04-02 02:39:13,arrogantb,51132
1617,2022-04-24 09:15:37,leedog13,51133
1618,2022-03-15 20:33:45,Bierhotte,84610
1619,2022-05-23 16:25:46,Nectarofgods,128666
1620,2022-11-03 15:27:41,eleusis,162718
1621,2022-09-05 00:03:17,Bella68,159413
1622,2022-06-12 20:38:59,Gjohnson9894,111164
1623,2022-07-03 01:24:36,piggypowell,150895
1624,2022-03-14 21:36:59,figo07,117428
1625,2022-09-19 05:18:50,IrishBeerLover,128510
1626,2022-12-28 06:19:16,and42is,117425
1627,2022-09-14 07:39:35,timtheenchanta,129337
1628,2022-11-03 01:36:32,freedivesurfer,128693
1629,2022-12-12 00:29:19,rpmcfadden99,111163
1630,2022-09-09 13:47:12,adamfreebird,128177
1631,2022-06-13 22:28:56,whiskeykid,114868
1632,2022-10-20 10:39:51,RateandPillage,111168
1633,2022-03-28 08:46:16,Slush99,114955
1634,2022-04-27 14:42:47,5000,150899
1635,2022-07-02 13:36:20,Skyhawk1,93013
1636,2022-12-26 17:13:57,drainey99,55077
1637,2022-04-19 07:24:15,weinfury,51615
1638,2022-06-06 22:12:32,Ingy,99555
1639,2022-07-14 01:31:04,jimmack,118010
1640,2022-03-25 12:49:52,ryandrinksbeer,59267
1641,2022-11-07 05:12:55,BillPierce,162040
1642,2022-06-22 22:25:25,JCOLEMA1,139126
1643,2022-12-21 13:57:01,delmecum,46492
1644,2022-03-12 03:42:22,chokmah33,121949
1645,2022-08-04 17:55:15,nraymond88,157902
1646,2022-12-26 22:03:17,StellaMGD,139172
1647,2022-09-28 19:32:51,tbrean,132902
1648,2022-04-17 00:30:10,kremit99,77025
1649,2022-03-21 23:33:36,johnnymutolo,87017
1650,2022-07-05 23:39:56,duvelordeath,154247
1651,2022-03-15 15:54:36,kwohlge,142798
1652,2022-09-02 06:23:07,rojinn,141837
1653,2022-06-30 05:13:02,francese5,134322
1654,2022-11-19 08:20:43,gronlampa,97314
1655,2022-09-09 00:23:31,igneous1,56976
1656,2022-10-16 02:14:16,Araven,117992
1657,2022-11-24 15:14:41,radiomgb,70974
1658,2022-08-10 17:07:22,kaladims,118298
1659,2022-06-25 18:51:08,Praetorian,153120
1660,2022-05-28 12:30:15,spnavitas456,80724
1661,2022-08-18 10:41:31,madripper32,145347
1662,2022-06-11 10:31:30,TerryR,80664
1663,2022-06-23 15:14:28,chriso,61160
1664,2022-06-22 02:32:41,vulcanmeister,148725
1665,2022-07-10 00:59:53,Pawel,82231
1666,2022-09-23 04:15:46,sroberts,61157
1667,2022-05-25 21:45:04,loads,117587
1668,2022-11-14 06:50:23,pablicic,106881
1669,2022-09-20 12:57:29,DrinkPlow99,148112
1670,2022-06-19 05:27:02,boelker62,50912
1671,2022-08-27 21:16:18,chocolateyflow,139173
1672,2022-10-04 23:41:05,delanceydirect,51740
1673,2022-04-11 03:33:44,shaunhennessy,67167
1674,2022-12-13 03:54:39,PaulK,117827
1675,2022-03-27 16:20:37,HighTension,153111
1676,2022-04-19 05:16:48,Bowden17,138947
1677,2022-08-17 20:58:57,aspidites,114379
1678,2022-09-07 15:15:53,CaraCurtis,139174
1679,2022-10-06 13:34:14,mweber962000,124981
1680,2022-06-29 09:48:36,fmcguire,160027
1681,2022-03-11 10:02:31,beerbastard,99409
1682,2022-07-11 10:38:05,rharrigan,51731
1683,2022-11-08 12:08:49,tjm0264,52113
1684,2022-11-02 15:27:01,peckerhead,69919
1685,2022-08-20 13:17:34,Meatmallet,74968
1686,2022-10-21 04:11:49,Seeuwk,143911
1687,2022-03-04 19:43:07,PapiGrande,9495
1688,2022-11-20 04:42:43,harleyman,67166
1689,2022-03-08 05:38:52,giventofly,8744
1690,2022-10-12 23:13:10,balisong,90376
1691,2022-09-24 20:57:39,Cu6a,106896
1692,2022-05-04 06:30:17,JW32Hoops,93473
1693,2022-05-02 19:16:45,Tweeke,82720
1694,2022-09-13 01:31:51,beerdoc99,82991
1695,2022-08-02 12:37:30,sybbor,18232
1696,2022-06-08 14:06:15,justincase,18235
1697,2022-06-14 05:25:28,macbeermeister,82990
1698,2022-03-19 06:08:32,Gorria,18230
1699,2022-09-16 15:31:38,IglooCool,146949
1700,2022-08-22 14:08:24,amazine,18233
1701,2022-04-07 00:39:37,pchiodo,82383
1702,2022-10-06 05:01:26,RobDee,82381
1703,2022-07-16 16:16:12,acaine,58796
1704,2022-05-27 05:24:34,tsukapon,18231
1705,2022-03-30 16:25:04,wingsfan,82425
1706,2022-11-19 19:15:54,Supertrapped,98279
1707,2022-11-02 00:57:29,MLD,58800
1708,2022-09-28 20:45:02,BeerMePodcast,118780
1709,2022-07-18 02:05:58,DougiePhiTau,161991
1710,2022-07-04 09:23:40,barcouilles99,58798
1711,2022-03-18 00:44:59,bgs722,88610
1712,2022-10-16 10:13:17,SFtaster,98280
1713,2022-10-06 13:20:20,opinari,58799
1714,2022-09-28 02:41:58,DrinkAle,74698
1715,2022-04-08 06:51:51,brvijay,143908
1716,2022-03-24 07:44:42,pilisopa,144245
1717,2022-03-27 16:55:38,mtubinis,58797
1718,2022-11-30 03:10:23,BROWNpipe,23071
1719,2022-12-04 03:43:55,TroyNYC,18234
1720,2022-03-04 16:54:31,Chuckaduck,143912
1721,2022-07-20 05:54:01,Maldrin,64950
1722,2022-09-04 22:46:16,rustyspoon,51383
1723,2022-06-28 22:46:13,tompete,51382
1724,2022-12-24 07:23:35,GyilokT,45375
1725,2022-06-27 03:06:18,bunjes,48395
1726,2022-03-27 14:33:04,djrevnoir,24870
1727,2022-09-16 23:49:59,darrennelson12,45373
1728,2022-09-02 03:16:06,Zentiel99,45374
1729,2022-11-12 07:50:13,hawk84,7484
1730,2022-04-03 04:33:30,jtruty,146760
1731,2022-10-28 03:18:28,bluealfonse,146761
1732,2022-06-04 09:33:02,Francis75,145625
1733,2022-04-24 04:26:15,michaelparish,90063
1734,2022-07-20 17:17:13,GAManiac,94346
1735,2022-12-30 11:04:14,jhliesen,11376
1736,2022-11-05 16:56:48,dunedin,135793
1737,2022-06-17 05:08:04,paul9639,11420
1738,2022-08-09 04:13:42,JadoreBlanche,71881
1739,2022-04-14 02:31:50,shookup1299,11378
1740,2022-10-10 11:09:52,thedees,102041
1741,2022-11-08 00:46:48,lassewan,64511
1742,2022-04-28 10:29:47,ddog,51975
1743,2022-10-16 04:06:39,core,54802
1744,2022-07-22 16:07:47,otismulligan,11380
1745,2022-12-30 09:45:03,HermanW,11374
1746,2022-09-03 15:27:11,shorlin,11419
1747,2022-04-10 18:58:59,JuStuka,39427
1748,2022-08-05 14:33:03,cynthius99,147374
1749,2022-12-10 10:01:38,dmb715,11379
1750,2022-04-13 08:20:22,juggernaught,57466
1751,2022-10-28 17:53:23,bunnielove,11375
1752,2022-06-26 17:50:45,vip3r,11377
1753,2022-10-12 21:31:38,beerface1,109886
1754,2022-11-24 16:34:59,tooluther,134801
1755,2022-12-02 11:50:34,mrripoff,140660
1756,2022-11-05 00:57:45,jmm635,39586
1757,2022-12-08 06:25:45,jennypee99,67813
1758,2022-09-24 20:44:34,lenscott0671,119360
1759,2022-11-06 02:06:58,newbudguy,68672
1760,2022-03-16 20:40:21,Quetzalcoatl,131076
1761,2022-08-27 04:13:56,avalonchimney,94107
1762,2022-10-19 23:56:37,masonab,63283
1763,2022-07-12 08:36:36,basewars,126532
1764,2022-09-16 19:12:21,RedSox2004,155128
1765,2022-09-01 04:30:09,StinkBall,125287
1766,2022-04-17 01:17:42,TwinPeaks,107929
1767,2022-09-07 08:18:45,shaeffbser,114267
1768,2022-11-29 18:45:04,rlaw,100001
1769,2022-03-24 09:25:56,BeerBellyOSU,109590
1770,2022-05-23 19:54:49,salbsktbll,92672
1771,2022-08-06 16:42:24,THEPUMAMAN,26059
1772,2022-12-13 14:18:45,loaded,140725
1773,2022-06-06 12:46:27,mdesq,60136
1774,2022-07-14 01:31:46,ryderbik,45483
1775,2022-03-02 07:55:49,nomad,36211
1776,2022-05-01 18:30:30,lovepiwo,36413
1777,2022-07-03 23:45:52,LoveNattyIce,65802
1778,2022-04-16 19:30:06,Seferynm1,134261
1779,2022-04-17 23:01:56,CheersMate,145412
1780,2022-10-18 17:10:03,thepegjett,162466
1781,2022-04-21 04:18:50,whooh,120498
1782,2022-12-09 14:01:07,dpe111,146466
1783,2022-05-24 13:23:48,eager25,50593
1784,2022-10-09 12:21:49,jeffcole,48676
1785,2022-03-09 00:14:23,Bugrat,64721
1786,2022-07-30 05:31:03,illkarate,66272
1787,2022-11-07 09:34:49,guffyrider,75116
1788,2022-10-04 23:52:19,stubemeister99,26081
1789,2022-03-28 03:02:17,rpattinson,101584
1790,2022-07-19 01:42:32,J_Nup,40578
1791,2022-04-11 00:46:40,Hason,40671
1792,2022-10-13 16:21:41,Gmcade,94363
1793,2022-07-23 02:09:20,morebeerpleaze,47158
1794,2022-04-16 19:35:37,kscottbrown,63738
1795,2022-05-16 23:36:19,TehBeerMonsta,62703
1796,2022-07-16 23:32:16,brichaz,26083
1797,2022-03-27 09:14:40,Sincere,66387
1798,2022-10-14 13:56:39,djavatar,33914
1799,2022-11-30 04:13:08,screwcitybeer,37760
1800,2022-11-10 15:36:04,CarterHayes,105833
1801,2022-09-19 23:37:09,Monty84,48675
1802,2022-05-19 14:34:09,flx,55364
1803,2022-03-18 05:27:04,gix2572,66386
1804,2022-05-17 16:53:59,Artillery,112210
1805,2022-05-08 08:24:37,GKI,102352
1806,2022-10-09 20:43:40,mookie,107899
1807,2022-08-17 14:48:26,Dinobrown,53032
1808,2022-04-30 12:48:43,ttrujillo,78346
1809,2022-08-25 02:37:31,dj,154898
1810,2022-10-12 02:22:26,jehoo,136852
1811,2022-06-24 17:47:31,MrMugs,97091
1812,2022-12-15 05:50:48,tike99,96338
1813,2022-08-26 03:34:46,murphy525,90074
1814,2022-12-15 08:05:55,Xev,74234
1815,2022-05-27 15:27:42,Jhollm,21299
1816,2022-03-11 22:11:12,Corletto,154897
1817,2022-05-19 00:19:27,macks4386,98481
1818,2022-11-22 20:39:29,mehulmvora,77213
1819,2022-07-02 16:30:10,MartMalingerer,81970
1820,2022-10-23 21:38:16,jbarzo,47591
1821,2022-08-30 05:58:04,Chillson16,103311
1822,2022-07-25 17:08:59,sordfish,161411
1823,2022-03-30 17:15:53,OrochimaruAk,152077
1824,2022-07-10 17:55:37,eugenecat,154134
1825,2022-11-09 20:51:18,Cheeds13,162279
1826,2022-10-14 16:40:34,mmbeersgood,138743
1827,2022-10-01 12:07:58,kggoodman,136161
1828,2022-08-04 06:39:37,CharlzJohIII99,150778
1829,2022-04-05 22:21:13,BrewSwedeShu,150750
1830,2022-08-08 22:35:57,vbosch55,145856
1831,2022-10-10 02:18:09,psynthetic,150779
1832,2022-05-17 18:47:46,donaldrmason,148333
1833,2022-04-09 22:04:02,benhwilkinson,138739
1834,2022-12-09 01:37:43,Clarkie46,143064
1835,2022-03-12 16:21:49,JefVerstraete,147983
1836,2022-11-25 22:37:23,fm699,138738
1837,2022-06-11 17:19:23,Slacks,155071
1838,2022-12-02 10:06:25,josemarti,136430
1839,2022-07-04 22:50:17,phip1,138737
1840,2022-08-11 10:09:03,JJClark,138736
1841,2022-08-06 16:31:49,shotgn2299,146503
1842,2022-10-26 12:28:49,shayne8,136428
1843,2022-11-23 09:34:41,OEGirl181399,145858
1844,2022-11-06 11:02:40,Gilbrew,162280
1845,2022-10-13 08:48:52,ZanomiX,155068
1846,2022-06-03 17:44:09,944play,139868
1847,2022-08-10 18:15:18,MEAT99,153563
1848,2022-11-01 13:14:20,MrRoss,147673
1849,2022-07-13 06:08:14,volvorx,159086
1850,2022-12-04 13:20:57,lionsheadfan,114073
1851,2022-09-04 05:57:57,65thand5thOhio,146660
1852,2022-09-10 17:57:41,caprice99,159098
1853,2022-10-02 08:17:59,Beerbierbiere,145857
1854,2022-06-03 22:21:27,Case,139867
1855,2022-04-21 19:25:32,DwarvenAle,30383
1856,2022-12-23 14:55:58,truffles,30388
1857,2022-12-07 20:18:51,OhioGuzzler,97168
1858,2022-04-24 11:29:40,gkmclark,156117
1859,2022-03-22 01:37:14,djackson3311599,157379
1860,2022-03-22 03:29:24,wildpig99,89010
1861,2022-12-21 14:15:55,braxto,162346
1862,2022-09-23 03:39:52,DallasBryan,99925
1863,2022-04-18 13:09:40,westvleteren,155681
1864,2022-04-18 23:25:27,durhambeer,72244
1865,2022-07-22 20:52:30,redtechnj,66644
1866,2022-09-13 23:52:10,handyman99,131204
1867,2022-03-18 12:21:02,Ale Boy99,77843
1868,2022-05-26 22:32:05,Bassy15,126595
1869,2022-06-24 05:30:58,torsoman75,123053
1870,2022-04-02 22:16:29,troycecil,108997
1871,2022-03-24 00:05:38,Ranger59591,51764
1872,2022-09-27 01:48:59,holytoledo,70818
1873,2022-06-29 02:44:41,harmless,160518
1874,2022-03-22 19:33:45,Salvatorberi,131943
1875,2022-07-09 01:15:49,montess,148676
1876,2022-04-30 18:50:40,naes66699,110670
1877,2022-07-14 07:48:20,Brewbie,130814
1878,2022-03-24 05:13:12,jgree44,78117
1879,2022-04-24 15:55:21,Acer99,51620
1880,2022-04-21 15:03:52,GG,52117
1881,2022-06-01 12:58:17,biggeral,62352
1882,2022-08-29 13:32:11,Livin The Dream,81925
1883,2022-08-29 03:46:08,BrotherJoe1975,68534
1884,2022-09-09 05:14:51,Beerpain,162345
1885,2022-03-12 21:10:39,songoose,160522
1886,2022-12-11 19:20:32,chiqui,156730
1887,2022-06-20 18:13:34,Baumgartner,64248
1888,2022-07-28 07:17:43,SaintArnold1977,109705
1889,2022-03-25 20:29:01,KANE22,66868
1890,2022-08-15 02:54:14,TheCrowsNest,148852
1891,2022-09-29 12:47:19,brucebeacher,130392
1892,2022-05-09 01:32:20,pumpmaster,123054
1893,2022-08-20 18:47:51,Bannister,128079
1894,2022-09-14 05:46:08,mihir,155087
1895,2022-05-11 14:45:36,vigor3,79002
1896,2022-11-26 20:12:59,boeving99,146303
1897,2022-06-08 14:45:17,raddad6999,137984
1898,2022-10-29 01:12:10,jakehancock,160523
1899,2022-06-04 00:43:45,hainer,121190
1900,2022-08-09 00:51:44,cjv85vmax,72246
1901,2022-08-13 21:28:52,namzad,132349
1902,2022-11-06 13:36:42,MikeyLikesIt,148674
1903,2022-12-15 13:19:23,septimius,125716
1904,2022-11-27 21:54:56,jaymack,51763
1905,2022-11-20 23:12:06,reltson,122269
1906,2022-09-12 19:18:42,dyrplq99,75218
1907,2022-05-20 18:51:12,Orlan,63808
1908,2022-12-11 05:51:11,RichardW,109717
1909,2022-12-12 11:54:19,randomblitz,82675
1910,2022-05-06 21:04:05,LizAmbrosia99,115907
1911,2022-09-05 07:51:09,TreadyTalk,140710
1912,2022-08-07 17:40:10,Laverda,108998
1913,2022-06-20 16:05:26,CharlesDarwin,62353
1914,2022-07-23 07:38:34,inarvi99,123727
1915,2022-08-26 00:26:35,ap181706,136834
1916,2022-07-22 12:24:21,MontyRXR,62350
1917,2022-11-15 18:18:32,fletch82,161914
1918,2022-07-18 01:51:04,reiverat,80318
1919,2022-07-29 10:33:01,BeerGuide99,108996
1920,2022-06-24 00:18:53,vordeburg,68358
1921,2022-08-02 18:08:05,Sendog04,141478
1922,2022-06-06 01:06:59,Bosox72,66642
1923,2022-06-06 01:59:43,claybeherenow99,152573
1924,2022-04-22 22:40:39,winefree,139030
1925,2022-04-12 01:04:09,ZiGGyMaidEN,72770
1926,2022-06-21 20:57:42,guzzlar99,151295
1927,2022-07-06 09:46:57,666nataS,161877
1928,2022-09-03 06:14:32,leadferret,153835
1929,2022-11-12 03:18:58,mtownbeerballa,102350
1930,2022-09-02 02:10:25,Noneya691981,156897
1931,2022-06-07 17:16:33,bman1986,59632
1932,2022-10-03 03:47:47,SethInOmaha,155680
1933,2022-03-19 19:40:08,SirQuaffalot,160520
1934,2022-10-06 08:27:24,vette7099,72769
1935,2022-12-18 20:05:03,demsoc,139731
1936,2022-08-10 16:24:11,rebecka,148850
1937,2022-07-05 01:09:32,beerfinder1,102528
1938,2022-11-01 20:07:31,qu625,152248
1939,2022-06-12 06:23:46,lagerlover99,9288
1940,2022-06-20 04:04:49,boyd599,1368
1941,2022-04-10 15:01:18,ddelk,106140
1942,2022-05-22 18:24:06,Brewzer22,57426
1943,2022-12-19 16:14:48,mawty,135929
1944,2022-09-27 02:33:49,adeussing,127792
1945,2022-02-19 19:56:18,seke,155114
1946,2022-07-01 16:13:18,kittiesandbeer,135928
1947,2022-05-09 14:25:12,oknos,154722
1948,2022-11-29 02:58:39,chesterzd,121820
1949,2022-12-29 06:23:25,repsADL,44637
1950,2022-09-07 02:58:15,killtuba,155115
1951,2022-03-06 14:19:20,BillVanE,114197
1952,2022-02-01 09:37:54,zawacki,58934
1953,2022-04-10 17:32:08,bop99,150836
1954,2022-11-12 03:30:36,snakeoilpete,46668
1955,2022-07-21 20:18:05,jcheck,138638
1956,2022-07-24 08:19:12,beerlover1946,143829
1957,2022-04-26 14:35:31,Spelt,60327
1958,2022-04-02 14:09:26,morby,132695
1959,2022-08-21 21:22:22,squarta,147804
1960,2022-03-21 22:10:17,daddowdalls99,162654
1961,2022-11-02 16:21:49,Poodu99,75439
1962,2022-12-20 02:12:37,marvelred21,146121
1963,2022-03-23 07:43:19,paolo69,114840
1964,2022-02-14 20:43:09,Whitney_F,142157
1965,2022-09-03 14:20:01,Icommonsewer,112704
1966,2022-01-27 08:43:48,mlee,125649
1967,2022-05-21 15:46:26,uclaw2007,105026
1968,2022-06-06 08:14:23,reggiekoko,64005
1969,2022-10-10 09:13:36,killpineapple,64004
1970,2022-11-28 20:16:10,phildeez316,45391
1971,2022-01-07 16:42:08,roi,47503
1972,2022-12-26 00:06:42,BeerPharaoh,45393
1973,2022-09-16 14:52:45,Cereviseator,58229
1974,2022-03-11 09:40:43,GTPALMER,111884
1975,2022-05-26 11:48:51,CCII7,58231
1976,2022-11-26 18:56:49,alfmaester,116491
1977,2022-12-18 10:56:52,fistfull,127527
1978,2022-12-20 09:20:29,Bigjohnla,116497
1979,2022-10-12 16:41:45,cartgis,141981
1980,2022-09-18 00:24:45,waileagirl,116606
1981,2022-10-17 16:06:12,beermaster1,116502
1982,2022-01-22 04:43:13,coopec,116493
1983,2022-07-10 23:50:03,sdabbey,142407
1984,2022-05-14 00:38:06,malachite,116492
1985,2022-04-08 07:43:44,pandashaver,116496
1986,2022-07-07 09:02:29,dnstone,163022
1987,2022-12-29 00:31:18,ndfreak77,142646
1988,2022-11-22 12:43:37,SouthernPride99,116494
1989,2022-02-10 03:47:08,prebenosterlid,148960
1990,2022-08-19 16:56:13,LindaLee,135512
1991,2022-01-29 20:56:38,engineerkevin99,116495
1992,2022-11-07 17:40:28,keasams,151756
1993,2022-03-27 03:42:23,superd44688,116605
1994,2022-11-29 02:48:54,imstein,77484
1995,2022-07-25 11:32:34,Opivy44,59605
1996,2022-03-23 16:42:56,darkstar,64521
1997,2022-09-24 09:17:44,BeerNewbie29,62822
1998,2022-05-27 20:45:38,kkovak,94315
1999,2022-11-09 03:14:15,MontereyJimbo,77487
2000,2022-03-27 02:51:14,reber,104396
2001,2022-03-02 19:37:49,FedForester,124013
2002,2022-09-12 08:14:28,pellegjr,78532
2003,2022-03-08 15:56:47,morebeerus99,124341
2004,2022-03-20 19:44:41,tattoodaddy13,45067
2005,2022-07-04 06:41:01,lachrymalisis,59606
2006,2022-02-02 20:23:49,trappist12,25621
2007,2022-07-18 08:01:56,smithlrs2003,27902
2008,2022-06-19 17:17:37,Ozzyj,27903
2009,2022-09-27 21:04:33,craftycoldcuts,34650
2010,2022-04-27 14:49:39,tweeder263,34645
2011,2022-12-21 05:37:20,danofalltrades,34646
2012,2022-01-08 04:28:17,recordjunkie5,27904
2013,2022-12-11 06:03:44,cdub939,27900
2014,2022-01-04 19:58:44,kontreren,34649
2015,2022-11-16 06:25:35,TheColonel1937,27901
2016,2022-04-27 04:01:26,spiderwebb,25620
2017,2022-06-21 07:44:57,Elteefor99,34647
2018,2022-06-29 10:37:45,mrinflictor,34648
2019,2022-03-22 20:38:52,sf5150,78633
2020,2022-09-22 04:38:01,ferranger,57175
2021,2022-06-28 23:31:33,SolarGarlic,63776
2022,2022-12-10 05:37:14,Willinator,123637
2023,2022-09-08 01:28:46,DarkFaerytale,95169
2024,2022-12-27 18:58:51,DadofFenway,120306
2025,2022-04-01 14:04:37,hitman,98922
1,2021-10-04 00:00:00,switchflip,91912
2,2021-04-30 00:00:00,lambiclover,129830
3,2020-06-29 00:00:00,windbreaker99,66746
4,2018-07-29 00:00:00,Ghenghis,125433
5,2020-01-26 00:00:00,diogenes9876,75687
6,2021-08-28 00:00:00,deftim13,148995
7,2022-07-17 00:00:00,basher,88185
8,2022-01-01 00:00:00,ksacdonovan,95291
9,2018-05-31 00:00:00,jickster99,113073
10,2022-05-19 00:00:00,farmboy,88433
11,2021-10-12 00:00:00,Rusty,48370
12,2021-12-22 00:00:00,adpotts,113370
13,2019-08-21 00:00:00,edtdave99,6365
14,2020-08-22 00:00:00,beerenauslese,140593
15,2021-07-10 00:00:00,StuffWine,13616
16,2022-03-24 00:00:00,tony52499,105577
17,2020-11-27 00:00:00,Naysay,72595
18,2023-01-01 00:00:00,steelernation,155180
19,2020-11-05 00:00:00,vodka4blood,37171
20,2020-05-12 00:00:00,Newbie,125476
21,2018-12-18 00:00:00,ibupain,54815
22,2018-04-25 00:00:00,KnutAlbert,79548
23,2018-08-21 00:00:00,brewzenol,155498
24,2019-01-22 00:00:00,dave Getz99,70769
25,2020-05-13 00:00:00,Esche,56075
26,2021-05-23 00:00:00,starkat2k,72988
27,2023-02-05 00:00:00,darkko,36529
28,2019-10-01 00:00:00,spadedbearsays,70769
29,2018-06-17 00:00:00,cellardoor,56075
30,2021-05-03 00:00:00,Aggie80,72988
31,2021-03-07 00:00:00,JohnQPublic,36529
32,2019-08-01 00:00:00,labattblue1974,80134
33,2020-08-06 00:00:00,rayOfBeer,23714
34,2023-01-10 00:00:00,ckraft,37371
35,2019-09-08 00:00:00,inkycaps,11938
36,2021-03-19 00:00:00,kitchen107,42646
37,2021-11-30 00:00:00,kshan,118775
38,2019-02-28 00:00:00,ibeerlove,68133
39,2021-12-27 00:00:00,Totochtin,84523
40,2021-04-07 00:00:00,IPFreely,137463
41,2019-05-30 00:00:00,BuckleMyShoe,82169
42,2021-02-11 00:00:00,Cedarcobeer,75465
43,2019-10-19 00:00:00,welly1,90820
44,2022-01-24 00:00:00,aaronhaywood,81955
45,2019-09-15 00:00:00,vivosity,91445
46,2018-02-01 00:00:00,Hopdup,94186
47,2020-08-29 00:00:00,ragesaq,144088
48,2019-09-15 00:00:00,Seagull99,47416
49,2022-11-06 00:00:00,Dailydrinker,68073
50,2022-03-27 00:00:00,strappa,114278
51,2020-05-31 00:00:00,leiris,101331
52,2022-10-04 00:00:00,JoelD,66644
53,2019-11-03 00:00:00,drunkasfack,22803
54,2020-10-12 00:00:00,mearls,16112
55,2019-06-17 00:00:00,Albertcampion,123594
56,2018-02-04 00:00:00,tastybeverage,46138
57,2021-12-19 00:00:00,beerisgood16,78828
58,2019-09-14 00:00:00,lostcoat,162076
59,2022-01-23 00:00:00,phllybeer29,40308
60,2019-01-03 00:00:00,BSmith83,75361
61,2019-06-09 00:00:00,FishBizkit,47300
62,2020-06-18 00:00:00,kwbrq1,24466
63,2019-11-16 00:00:00,Lsdpunk,118313
64,2019-12-31 00:00:00,johnnyawesome,104653
65,2020-12-07 00:00:00,core,3885
66,2021-06-29 00:00:00,Kinou99,160657
67,2022-10-20 00:00:00,NelsonPR,52203
68,2018-11-22 00:00:00,SeaSide7Stone,27408
69,2022-08-25 00:00:00,dfunk99,73500
70,2022-10-13 00:00:00,brnqq7,15500
71,2019-08-28 00:00:00,dpnyby,70390
72,2021-02-01 00:00:00,FramMan99,68834
73,2019-09-02 00:00:00,rangerred,1944
74,2019-12-25 00:00:00,tacman4,30243
75,2019-04-12 00:00:00,jondis2,38221
76,2022-01-13 00:00:00,CrotchMonkey99,128824
77,2018-04-20 00:00:00,Dolemite31,16208
78,2020-12-16 00:00:00,jhuckstepp,22766
79,2018-12-16 00:00:00,CAPTRON,48978
80,2019-09-21 00:00:00,tbrink,3069
81,2019-02-14 00:00:00,1REDWOLFPLEEZ,103927
82,2021-09-12 00:00:00,IandIPA,139695
83,2021-12-19 00:00:00,Phil,121096
84,2020-05-20 00:00:00,chauvan1,130882
85,2022-09-22 00:00:00,bensinep,91467
86,2022-02-01 00:00:00,TNbourbon,143975
87,2020-10-15 00:00:00,obadiah99,131550
88,2021-05-24 00:00:00,nickd717,161177
89,2020-08-02 00:00:00,KDogg1777,81908
90,2021-01-03 00:00:00,taylorj,25116
91,2018-03-16 00:00:00,Burp,121009
92,2019-01-17 00:00:00,78RichmondRoad,119546
93,2020-07-07 00:00:00,mcberko,35594
94,2021-02-15 00:00:00,brewdog_tokyo,76016
95,2018-01-09 00:00:00,edwardbass,81988
96,2021-08-22 00:00:00,todaytomorrow,7332
97,2019-03-06 00:00:00,boatswains,159466
98,2022-06-09 00:00:00,halden,24278
99,2020-06-07 00:00:00,cheezydemon,118346
100,2022-04-19 00:00:00,QXSTER199,89841
101,2022-07-27 00:00:00,joeyeo,150818
102,2021-11-19 00:00:00,willm1,47998
103,2020-11-01 00:00:00,5uvr0k,9507
104,2020-03-11 00:00:00,p3t3or,65134
105,2019-12-30 00:00:00,wu1sabes,29394
106,2022-02-13 00:00:00,JDiddle77,11091
107,2018-03-03 00:00:00,BrewSwedeShu,141782
108,2021-07-03 00:00:00,boddie1,19546
109,2020-11-25 00:00:00,BazookaJoe,44909
110,2019-04-08 00:00:00,jpserrie,99097
111,2023-02-08 00:00:00,clondest99,56798
112,2020-02-18 00:00:00,BudFW,89029
113,2022-06-03 00:00:00,drm49ers99,109942
114,2019-08-31 00:00:00,jjpigs,72968
115,2020-04-14 00:00:00,TADDYPRTR,27344
116,2018-06-26 00:00:00,masterbeer,102643
117,2022-11-27 00:00:00,forfa,143261
118,2021-11-21 00:00:00,emmas49er,162380
119,2021-08-10 00:00:00,jporter,146117
120,2020-04-18 00:00:00,randyjo,146374
121,2021-05-10 00:00:00,Brewosk,84467
122,2018-07-22 00:00:00,jtlucas74,17625
123,2018-11-05 00:00:00,Beerlover1989,23174
124,2021-05-28 00:00:00,GianlucaKA,86204
125,2021-08-08 00:00:00,LookMomNoHands,88715
126,2022-12-12 00:00:00,CameronII,145261
127,2019-07-16 00:00:00,lightning9191,159713
128,2023-02-13 00:00:00,BigJ0384,128805
129,2019-05-03 00:00:00,Coach99,33391
130,2018-12-15 00:00:00,BlackForestCO,45391
131,2022-10-09 00:00:00,Belmont beer wall99,79548
132,2022-07-08 00:00:00,WisconsinRules,155498
133,2020-02-26 00:00:00,Aniela,70769
134,2022-03-17 00:00:00,fishbrew,56075
135,2021-10-03 00:00:00,Tatiana,72988
136,2019-03-30 00:00:00,TreinJan,36529
137,2019-10-06 00:00:00,Edtorrey,70769
138,2020-10-09 00:00:00,tapmanted,56075
139,2020-08-12 00:00:00,bsii99,72988
140,2021-10-11 00:00:00,UncleBertie,36529
141,2022-11-01 00:00:00,Fantomasus,80134
142,2022-06-10 00:00:00,dornan23,23714
143,2020-11-11 00:00:00,peoriaworst,37371
144,2018-01-23 00:00:00,brewheaven,11938
145,2022-10-16 00:00:00,LupulinShifter,42646
146,2018-09-12 00:00:00,DKTN,118775
147,2022-08-19 00:00:00,Hophogs,68133
148,2019-03-25 00:00:00,Euphhead,84523
149,2020-01-07 00:00:00,rtruck,137463
150,2023-01-26 00:00:00,Ghenghis,82169
151,2021-08-08 00:00:00,diogenes9876,75465
152,2021-05-14 00:00:00,deftim13,90820
153,2021-05-05 00:00:00,basher,81955
154,2022-09-13 00:00:00,ksacdonovan,91445
155,2018-10-14 00:00:00,jickster99,94186
156,2020-12-02 00:00:00,farmboy,144088
157,2022-12-25 00:00:00,Rusty,47416
158,2019-08-15 00:00:00,adpotts,68073
159,2022-01-26 00:00:00,edtdave99,114278
160,2020-02-02 00:00:00,beerenauslese,101331
161,2022-04-12 00:00:00,StuffWine,66644
162,2021-11-19 00:00:00,tony52499,22803
163,2020-02-17 00:00:00,Naysay,16112
164,2020-04-15 00:00:00,steelernation,123594
165,2021-04-11 00:00:00,vodka4blood,46138
166,2020-03-02 00:00:00,Newbie,78828
167,2019-08-10 00:00:00,ibupain,162076
168,2022-12-03 00:00:00,KnutAlbert,40308
169,2019-12-24 00:00:00,brewzenol,75361
170,2019-10-26 00:00:00,dave Getz99,47300
171,2022-07-17 00:00:00,Esche,24466
172,2022-06-10 00:00:00,starkat2k,118313
173,2022-06-24 00:00:00,darkko,104653
174,2018-01-20 00:00:00,spadedbearsays,3885
175,2020-08-13 00:00:00,cellardoor,160657
176,2019-01-05 00:00:00,Aggie80,52203
177,2018-07-31 00:00:00,JohnQPublic,27408
178,2018-11-19 00:00:00,labattblue1974,73500
179,2018-09-22 00:00:00,rayOfBeer,15500
180,2018-07-03 00:00:00,ckraft,70390
181,2020-04-26 00:00:00,inkycaps,68834
182,2019-07-22 00:00:00,kitchen107,1944
183,2020-08-10 00:00:00,kshan,30243
184,2018-01-06 00:00:00,ibeerlove,38221
185,2020-11-28 00:00:00,Totochtin,128824
186,2021-08-28 00:00:00,IPFreely,16208
187,2020-04-11 00:00:00,BuckleMyShoe,22766
188,2022-03-11 00:00:00,Cedarcobeer,48978
189,2021-12-19 00:00:00,welly1,3069
190,2023-02-14 00:00:00,aaronhaywood,103927
191,2019-02-02 00:00:00,vivosity,139695
192,2019-09-10 00:00:00,Hopdup,121096
193,2019-10-19 00:00:00,ragesaq,130882
194,2020-01-24 00:00:00,Seagull99,91467
195,2022-03-14 00:00:00,Dailydrinker,143975
196,2022-08-17 00:00:00,strappa,131550
197,2021-09-22 00:00:00,leiris,161177
198,2018-09-08 00:00:00,JoelD,81908
199,2018-02-19 00:00:00,drunkasfack,25116
200,2019-10-05 00:00:00,mearls,121009
201,2018-08-11 00:00:00,Albertcampion,119546
202,2021-08-30 00:00:00,tastybeverage,35594
203,2020-02-15 00:00:00,beerisgood16,76016
204,2021-12-02 00:00:00,lostcoat,81988
205,2018-11-22 00:00:00,phllybeer29,7332
206,2022-05-30 00:00:00,BSmith83,159466
207,2020-01-03 00:00:00,FishBizkit,24278
208,2020-07-03 00:00:00,kwbrq1,118346
209,2019-04-08 00:00:00,Lsdpunk,89841
210,2021-06-01 00:00:00,johnnyawesome,150818
211,2021-04-29 00:00:00,core,47998
212,2022-01-13 00:00:00,Kinou99,9507
213,2021-12-21 00:00:00,NelsonPR,65134
214,2019-05-10 00:00:00,SeaSide7Stone,29394
215,2021-08-16 00:00:00,dfunk99,11091
216,2021-10-31 00:00:00,brnqq7,141782
217,2021-06-30 00:00:00,dpnyby,19546
218,2018-09-24 00:00:00,FramMan99,44909
219,2019-09-11 00:00:00,rangerred,99097
220,2021-12-18 00:00:00,tacman4,56798
221,2018-01-13 00:00:00,jondis2,89029
222,2018-05-01 00:00:00,CrotchMonkey99,109942
223,2020-12-27 00:00:00,Dolemite31,72968
224,2020-03-31 00:00:00,jhuckstepp,27344
225,2019-06-15 00:00:00,CAPTRON,102643
226,2020-01-02 00:00:00,tbrink,143261
227,2018-05-12 00:00:00,1REDWOLFPLEEZ,162380
228,2019-07-08 00:00:00,IandIPA,146117
229,2021-10-07 00:00:00,Phil,146374
230,2020-10-22 00:00:00,chauvan1,84467
231,2022-03-02 00:00:00,bensinep,17625
232,2021-02-23 00:00:00,TNbourbon,23174
233,2019-09-08 00:00:00,obadiah99,86204
234,2021-09-04 00:00:00,nickd717,88715
235,2019-06-01 00:00:00,KDogg1777,145261
236,2018-02-20 00:00:00,taylorj,159713
237,2020-09-04 00:00:00,Burp,128805
238,2021-10-23 00:00:00,78RichmondRoad,33391
239,2023-01-04 00:00:00,mcberko,45391
240,2019-02-03 00:00:00,brewdog_tokyo,23714
241,2019-05-16 00:00:00,edwardbass,37371
242,2019-08-07 00:00:00,todaytomorrow,11938
243,2023-01-20 00:00:00,boatswains,42646
244,2019-02-11 00:00:00,halden,118775
245,2018-12-07 00:00:00,cheezydemon,68133
246,2022-07-29 00:00:00,QXSTER199,84523
247,2019-04-05 00:00:00,joeyeo,137463
248,2019-05-17 00:00:00,willm1,82169
249,2018-04-05 00:00:00,5uvr0k,75465
250,2021-04-17 00:00:00,p3t3or,90820
251,2018-02-24 00:00:00,wu1sabes,81955
252,2022-09-01 00:00:00,JDiddle77,91445
253,2020-04-13 00:00:00,BrewSwedeShu,94186
254,2021-09-27 00:00:00,boddie1,144088
255,2020-12-14 00:00:00,BazookaJoe,47416
256,2022-07-15 00:00:00,jpserrie,68073
257,2019-05-08 00:00:00,clondest99,114278
258,2022-09-27 00:00:00,BudFW,101331
259,2018-10-27 00:00:00,drm49ers99,66644
260,2020-09-27 00:00:00,jjpigs,22803
261,2019-08-20 00:00:00,TADDYPRTR,16112
262,2018-05-26 00:00:00,masterbeer,123594
263,2021-05-05 00:00:00,forfa,46138
264,2018-06-18 00:00:00,emmas49er,78828
265,2018-05-31 00:00:00,jporter,162076
266,2018-09-11 00:00:00,randyjo,40308
267,2018-08-18 00:00:00,Brewosk,75361
268,2021-07-17 00:00:00,jtlucas74,47300
269,2022-02-02 00:00:00,Beerlover1989,24466
270,2019-07-18 00:00:00,GianlucaKA,118313
271,2019-12-15 00:00:00,LookMomNoHands,104653
272,2021-10-04 00:00:00,CameronII,3885
273,2021-03-13 00:00:00,lightning9191,160657
274,2018-06-05 00:00:00,BigJ0384,52203
275,2021-12-28 00:00:00,Coach99,27408
276,2022-03-15 00:00:00,BlackForestCO,73500
277,2019-02-13 00:00:00,bookman10,55296
278,2021-06-01 00:00:00,mirjukka,21703
279,2022-02-09 00:00:00,hateh2s,101644
280,2022-06-13 00:00:00,fialazol,113737
281,2021-10-01 00:00:00,AdamVrooman,43278
282,2018-01-11 00:00:00,slittvicious,2768
283,2020-12-31 00:00:00,littlefelix,92846
284,2020-08-22 00:00:00,vassago,95424
285,2019-09-12 00:00:00,tsjerno,86731
286,2020-07-15 00:00:00,kchampagne,101061
287,2023-01-07 00:00:00,jdaylett,18593
288,2019-11-08 00:00:00,terrytuna,71626
289,2021-06-28 00:00:00,Ace81287,28254
290,2022-07-26 00:00:00,beanryboy,52376
291,2022-01-04 00:00:00,DriveOn,64946
292,2019-07-20 00:00:00,mcg99,70122
293,2022-05-24 00:00:00,knickerbocker,49398
294,2021-06-10 00:00:00,yenbrat,7749
295,2021-01-18 00:00:00,Young Bo99,37284
296,2020-10-27 00:00:00,btalcott5,101886
297,2019-10-04 00:00:00,Jlockleg,111707
298,2018-02-26 00:00:00,TheCEO,147802
299,2020-04-23 00:00:00,Number1Dad,5163
300,2020-08-11 00:00:00,lilreddog77,633
301,2020-07-24 00:00:00,bonestheman99,58083
302,2021-12-16 00:00:00,swimmer571,6093
303,2019-03-01 00:00:00,Jan Primus,26995
304,2020-04-22 00:00:00,Skeets,119320
305,2018-05-14 00:00:00,Pileus,127758
306,2019-04-27 00:00:00,uncleswilly,65650
307,2020-09-23 00:00:00,LeeLee,136082
308,2021-10-14 00:00:00,captpabst,138736
309,2019-04-15 00:00:00,CarterHayes,104826
310,2019-01-09 00:00:00,tbzinger9,41404
311,2019-06-12 00:00:00,jdarr,26368
312,2020-01-20 00:00:00,RogerRabbit,152275
313,2021-01-15 00:00:00,Jvittorio4187,109137
314,2020-03-25 00:00:00,rjwieczorek,101445
315,2022-09-08 00:00:00,zombywoof,8491
316,2020-10-15 00:00:00,beerman240,123762
317,2019-01-25 00:00:00,sybbor,135223
318,2020-12-18 00:00:00,Vandermeer,130386
319,2021-09-24 00:00:00,ladnewton,137409
320,2022-11-05 00:00:00,anthonybsd,29063
321,2019-07-20 00:00:00,krallski,101073
322,2023-01-08 00:00:00,beerandrugby,82585
323,2020-07-08 00:00:00,rpack78,9952
324,2019-12-26 00:00:00,repete86,27402
325,2019-07-09 00:00:00,mdfb79,75704
326,2018-01-06 00:00:00,brownaler,148432
327,2022-05-24 00:00:00,jmart041,62788
328,2022-10-23 00:00:00,Toddem,72930
329,2021-07-04 00:00:00,bridgland77,62701
330,2020-03-03 00:00:00,STAMEEX,107610
331,2022-06-21 00:00:00,mbeem,66002
332,2018-05-27 00:00:00,steelers#199,23095
333,2023-02-15 00:00:00,candlejack,76781
334,2018-06-06 00:00:00,RockYerFaceOff,87872
335,2022-12-17 00:00:00,_angst_,56881
336,2021-10-21 00:00:00,djones27,104289
337,2021-07-29 00:00:00,drinkinfla,155422
338,2019-04-27 00:00:00,simonbilyk,99372
339,2021-10-03 00:00:00,lordmeat,96141
340,2022-06-22 00:00:00,stokedskier420,146414
341,2021-03-28 00:00:00,teamizm,143112
342,2021-09-27 00:00:00,dogsrollin,161429
343,2020-11-15 00:00:00,beergod,70295
344,2018-07-20 00:00:00,LeMarsu,18086
345,2021-06-07 00:00:00,izzybrew99,23668
346,2018-03-19 00:00:00,freakytoe13,62988
347,2022-12-24 00:00:00,tomwhysy,70769
348,2022-08-13 00:00:00,ldcuervo,56075
349,2018-10-07 00:00:00,Collestrophe,72988
350,2019-10-12 00:00:00,Bigsilky,36529
351,2020-04-13 00:00:00,honomugym,80134
352,2021-07-23 00:00:00,tennessejed420,23714
353,2018-11-19 00:00:00,ericmoss3799,37371
354,2021-06-08 00:00:00,festyzizzle,11938
355,2022-01-27 00:00:00,pericles35,42646
356,2022-05-26 00:00:00,mxmstrbnji,118775
357,2022-02-26 00:00:00,KangLoco,68133
358,2021-01-14 00:00:00,tjw,84523
359,2018-11-04 00:00:00,cwolsen,137463
360,2019-12-02 00:00:00,BoBoChamp,82169
361,2020-07-17 00:00:00,ChrisThomson,75465
362,2020-09-10 00:00:00,partyninja,90820
363,2023-01-13 00:00:00,PopeGelasius3,81955
364,2021-02-17 00:00:00,exquicorp,91445
365,2021-11-04 00:00:00,brewhobo22,94186
366,2018-02-17 00:00:00,Union,144088
367,2020-03-15 00:00:00,BeerMeeting,47416
368,2019-08-04 00:00:00,motor725,68073
369,2019-09-08 00:00:00,Bluesman,114278
370,2018-02-22 00:00:00,GTPALMER,101331
371,2022-08-14 00:00:00,neojon,66644
372,2018-09-18 00:00:00,CraftBeerNick,22803
373,2022-11-21 00:00:00,RugbyDog,16112
374,2018-03-28 00:00:00,MacroBro,123594
375,2020-03-16 00:00:00,Mrtab,46138
376,2022-07-26 00:00:00,GNWBC,78828
377,2018-08-23 00:00:00,AKfaust,162076
378,2022-06-27 00:00:00,Weisseroy,40308
379,2021-10-21 00:00:00,mustapha,75361
380,2020-09-11 00:00:00,808beertaster,47300
381,2022-02-20 00:00:00,ckraft,24466
382,2022-07-24 00:00:00,rappunzeldmb,118313
383,2022-01-14 00:00:00,climber10,104653
384,2022-03-25 00:00:00,stank,3885
385,2018-05-16 00:00:00,Broncobsball21,160657
386,2019-03-15 00:00:00,shadrock7,52203
387,2019-03-13 00:00:00,AWMiller,27408
388,2021-11-13 00:00:00,JGL79,73500
389,2018-09-11 00:00:00,dvonaught,55296
390,2022-04-27 00:00:00,marcusm,21703
391,2020-12-16 00:00:00,Littlechemist,101644
392,2020-12-10 00:00:00,danulls19,113737
393,2018-05-02 00:00:00,FreakyBunny,43278
394,2022-08-08 00:00:00,Crel,2768
395,2018-04-12 00:00:00,choochcat,92846
396,2020-11-17 00:00:00,clb1265,95424
397,2022-05-27 00:00:00,spinoza,86731
398,2018-02-24 00:00:00,EnglshPaulinCa99,101061
399,2021-12-04 00:00:00,Stoutdrinker11,18593
400,2021-12-19 00:00:00,phillymonksman,71626
401,2020-05-04 00:00:00,vedd0,28254
402,2019-05-10 00:00:00,StuartCarter,52376
403,2022-11-28 00:00:00,TheBottleKing,64946
404,2022-04-12 00:00:00,Onlyhere4beer,70122
405,2018-11-30 00:00:00,slimweebs,49398
406,2019-08-10 00:00:00,philfish,7749
407,2018-06-29 00:00:00,Highvanhoe,37284
408,2019-02-19 00:00:00,Zoob,101886
409,2021-09-16 00:00:00,CannibalBeer,111707
410,2023-02-14 00:00:00,ElCommodoro,147802
411,2019-02-12 00:00:00,JPMarat,5163
412,2018-02-10 00:00:00,jomurray99,633
413,2021-03-10 00:00:00,godzrule,58083
414,2022-04-01 00:00:00,dd68462,6093
415,2021-05-03 00:00:00,bdeyeddr,26995
416,2022-08-12 00:00:00,jpbella,119320
417,2021-01-18 00:00:00,okcomputer99,127758
418,2022-08-12 00:00:00,pdot,65650
419,2021-12-26 00:00:00,bobthebeerman,136082
420,2018-01-11 00:00:00,drewcifer85710,138736
421,2021-08-22 00:00:00,sactodd,104826
422,2021-12-24 00:00:00,TNL99,41404
423,2021-03-25 00:00:00,JohnnyWhiplash,26368
424,2018-01-21 00:00:00,beccabooradley,152275
425,2019-02-12 00:00:00,Mumma,109137
426,2019-03-15 00:00:00,collieman,101445
427,2018-06-14 00:00:00,antonius602,8491
428,2020-08-29 00:00:00,BrotherJoe1975,123762
429,2022-06-28 00:00:00,TreborWhip,135223
430,2021-02-12 00:00:00,budweiser88,130386
431,2020-01-10 00:00:00,Richard73,137409
432,2023-02-12 00:00:00,Grubeater,29063
433,2019-08-06 00:00:00,admiralzork,101073
434,2023-02-12 00:00:00,cmikl3518,82585
435,2020-03-25 00:00:00,TattooedGuido,72988
436,2018-02-26 00:00:00,samsondoggie,36529
437,2020-07-26 00:00:00,grawk,80134
438,2021-03-31 00:00:00,badnewsbeers,23714
439,2020-12-04 00:00:00,TrueTrue,37371
440,2019-06-27 00:00:00,tsgrayson,11938
441,2019-05-15 00:00:00,madbaron99,42646
442,2020-06-03 00:00:00,Hmright,118775
443,2021-09-07 00:00:00,jooplijbaart,68133
444,2022-04-08 00:00:00,ritchie666,84523
445,2018-01-15 00:00:00,goosg,137463
446,2021-07-10 00:00:00,JdKrone,82169
447,2020-09-24 00:00:00,the4th,75465
448,2022-07-10 00:00:00,leoqueloquen,90820
449,2022-08-13 00:00:00,kpantz,81955
450,2023-02-03 00:00:00,karlkoenig99,91445
451,2022-09-16 00:00:00,Racegoer,94186
452,2018-11-08 00:00:00,WakeandBake,144088
453,2021-07-05 00:00:00,ruinah,47416
454,2018-11-12 00:00:00,kcmole,68073
455,2021-04-02 00:00:00,MTBrew,114278
456,2022-03-07 00:00:00,wcampbell,101331
457,2022-11-14 00:00:00,cbait21,66644
458,2020-07-18 00:00:00,Ulfada,22803
459,2018-05-08 00:00:00,aquamahn,16112
460,2018-02-24 00:00:00,JBW,123594
461,2019-10-28 00:00:00,Handle,46138
462,2019-09-26 00:00:00,graham33,78828
463,2022-04-24 00:00:00,cigardave,162076
464,2019-09-05 00:00:00,madcow75,40308
465,2018-01-12 00:00:00,BrooklynWallis,75361
466,2019-07-05 00:00:00,mullet,47300
467,2019-01-07 00:00:00,kamelotdark,24466
468,2023-01-25 00:00:00,beecee99,118313
469,2021-09-21 00:00:00,MoeStCool99,104653
470,2018-03-13 00:00:00,abstractbeer,3885
471,2020-12-24 00:00:00,hikito,160657
472,2020-05-04 00:00:00,brummbar,52203
473,2021-02-21 00:00:00,donovan,27408
474,2020-04-22 00:00:00,shrubber85,73500
475,2018-02-13 00:00:00,johnnydollar,55296
476,2020-11-07 00:00:00,Bloekie,21703
477,2021-10-03 00:00:00,biergirl,101644
478,2021-01-28 00:00:00,IrishMany31,113737
479,2021-03-31 00:00:00,PanMarek,43278
480,2021-11-14 00:00:00,toby540,2768
481,2018-08-23 00:00:00,DKG,92846
482,2020-01-10 00:00:00,Thisted,95424
483,2022-04-26 00:00:00,DKMaster21,86731
484,2022-12-12 00:00:00,mfusco,101061
485,2019-07-10 00:00:00,2L2L2Q,18593
486,2019-09-12 00:00:00,OJB,71626
487,2021-06-27 00:00:00,Shaydogg,28254
488,2018-09-14 00:00:00,Danish,52376
489,2019-02-24 00:00:00,fabric8r99,64946
490,2019-01-26 00:00:00,humulushound,70122
491,2018-04-28 00:00:00,ToadiusJ,49398
492,2019-07-26 00:00:00,hawkbadger,7749
493,2019-02-08 00:00:00,JoeDudek,37284
494,2022-06-01 00:00:00,dendennny,101886
495,2021-10-22 00:00:00,ccga235,111707
496,2021-06-23 00:00:00,islandbob,147802
497,2019-04-25 00:00:00,macbarnacle99,5163
498,2020-10-13 00:00:00,brewshthereen,633
499,2022-03-18 00:00:00,steinar,58083
500,2022-01-01 00:00:00,wholejustin,6093
501,2021-05-20 00:00:00,whparrish,26995
502,2021-04-06 00:00:00,voxfuzz99,119320
503,2019-07-01 00:00:00,Got Stout?,127758
504,2023-01-07 00:00:00,cwillmo2,65650
505,2022-06-24 00:00:00,mconstant,136082
506,2020-03-18 00:00:00,MSardina1,138736
507,2022-03-22 00:00:00,hero12,104826
508,2018-08-11 00:00:00,alkycritic,41404
509,2021-06-02 00:00:00,NCBeerBoy,26368
510,2022-06-16 00:00:00,MRPIGGIE,152275
511,2021-01-20 00:00:00,DiscoForever,109137
512,2019-07-20 00:00:00,grease,101445
513,2019-12-14 00:00:00,MPayne,8491
514,2022-04-10 00:00:00,BeerDork1968,123762
515,2018-09-06 00:00:00,Noneya691981,135223
516,2021-01-02 00:00:00,CushyGig,130386
517,2021-11-18 00:00:00,dirt66,137409
518,2020-06-21 00:00:00,danielnarigas,29063
519,2021-06-29 00:00:00,Allie,101073
520,2020-06-13 00:00:00,85beerME2006,128805
521,2018-09-03 00:00:00,edroberts,33391
522,2022-09-22 00:00:00,Sassy,45391
523,2018-11-02 00:00:00,Hopistotle420,117589
524,2019-09-18 00:00:00,erickok,79340
525,2019-01-10 00:00:00,godol,24853
526,2021-03-30 00:00:00,Jimrbb,84092
527,2023-02-15 00:00:00,Jlw.eldridge,154845
528,2021-04-09 00:00:00,C4Warhead,111741
529,2019-02-04 00:00:00,Itypedformiles,89021
530,2021-06-04 00:00:00,steinlanguage,57017
531,2019-05-06 00:00:00,Mahlik,149616
532,2020-05-28 00:00:00,CBZED101,74737
533,2023-01-24 00:00:00,truckie455,43882
534,2022-03-22 00:00:00,jhjones,72244
535,2020-07-03 00:00:00,Unipong,12101
536,2021-01-31 00:00:00,MapleCity219,76969
537,2019-06-13 00:00:00,rannici,62600
538,2022-07-12 00:00:00,darrylgh,116661
539,2022-01-14 00:00:00,Bromine,55959
540,2022-02-19 00:00:00,goldenmonkey,28287
541,2019-07-13 00:00:00,DaveKShape,33660
542,2018-07-13 00:00:00,BekaTheWrekka,132216
543,2021-05-24 00:00:00,weharvie,16114
544,2018-02-21 00:00:00,brendy32,107596
545,2022-06-17 00:00:00,Laurent_,25131
546,2019-07-04 00:00:00,immiakita,85437
547,2021-12-06 00:00:00,brainlair,51540
548,2022-06-16 00:00:00,Cabeero,126764
549,2018-04-27 00:00:00,Brewkowski,80690
550,2018-09-24 00:00:00,bbrownbeerman,70926
551,2020-09-23 00:00:00,pollaczek,64673
552,2018-06-23 00:00:00,mrmikey,28653
553,2022-10-26 00:00:00,RenneR,17168
554,2018-06-17 00:00:00,bookman10,50075
555,2022-08-06 00:00:00,mirjukka,103518
556,2022-06-22 00:00:00,hateh2s,89720
557,2022-03-15 00:00:00,fialazol,1036
558,2019-01-21 00:00:00,AdamVrooman,56905
559,2021-01-30 00:00:00,slittvicious,147530
560,2018-01-23 00:00:00,littlefelix,88074
561,2021-06-29 00:00:00,vassago,105531
562,2022-09-23 00:00:00,tsjerno,148964
563,2021-01-04 00:00:00,kchampagne,18506
564,2018-08-22 00:00:00,jdaylett,2046
565,2018-01-04 00:00:00,terrytuna,16870
566,2020-03-24 00:00:00,Ace81287,62472
567,2018-02-02 00:00:00,beanryboy,138634
568,2022-04-10 00:00:00,DriveOn,2683
569,2021-10-14 00:00:00,mcg99,77764
570,2020-03-28 00:00:00,knickerbocker,76102
571,2018-11-11 00:00:00,yenbrat,153679
572,2019-06-07 00:00:00,Young Bo99,135723
573,2023-01-14 00:00:00,btalcott5,125035
574,2020-02-02 00:00:00,Jlockleg,95881
575,2021-03-24 00:00:00,TheCEO,96559
576,2018-11-28 00:00:00,Number1Dad,1277
577,2022-11-14 00:00:00,lilreddog77,68329
578,2022-05-16 00:00:00,bonestheman99,122842
579,2019-10-14 00:00:00,swimmer571,59335
580,2018-02-26 00:00:00,Jan Primus,126614
581,2019-11-20 00:00:00,Skeets,112080
582,2020-10-24 00:00:00,Pileus,135292
583,2020-03-21 00:00:00,uncleswilly,16086
584,2019-01-26 00:00:00,LeeLee,17397
585,2022-04-30 00:00:00,captpabst,97605
586,2020-06-09 00:00:00,CarterHayes,57963
587,2021-10-08 00:00:00,tbzinger9,99323
588,2022-05-17 00:00:00,jdarr,39952
589,2020-07-28 00:00:00,RogerRabbit,58348
590,2023-02-15 00:00:00,Jvittorio4187,25136
591,2019-05-14 00:00:00,rjwieczorek,107091
592,2023-01-18 00:00:00,zombywoof,24150
593,2018-03-15 00:00:00,beerman240,135653
594,2020-01-30 00:00:00,sybbor,1024
595,2020-09-23 00:00:00,Vandermeer,24603
596,2022-03-28 00:00:00,ladnewton,87436
597,2018-07-20 00:00:00,anthonybsd,11338
598,2020-03-11 00:00:00,krallski,84044
599,2019-11-24 00:00:00,beerandrugby,136046
600,2022-02-20 00:00:00,rpack78,156220
601,2019-07-24 00:00:00,repete86,117142
602,2021-05-02 00:00:00,mdfb79,71781
603,2019-05-13 00:00:00,brownaler,4264
604,2018-06-13 00:00:00,jmart041,119424
605,2022-07-01 00:00:00,Toddem,114906
606,2022-05-15 00:00:00,bridgland77,71185
607,2022-05-01 00:00:00,STAMEEX,101592
608,2018-09-18 00:00:00,mbeem,132992
609,2020-03-25 00:00:00,steelers#199,29603
610,2018-01-30 00:00:00,candlejack,107122
611,2022-02-13 00:00:00,RockYerFaceOff,81391
612,2023-01-19 00:00:00,_angst_,89574
613,2022-12-10 00:00:00,djones27,102060
614,2020-11-22 00:00:00,drinkinfla,7664
615,2018-06-14 00:00:00,simonbilyk,95316
616,2020-06-18 00:00:00,lordmeat,150688
617,2022-02-02 00:00:00,stokedskier420,52816
618,2022-04-12 00:00:00,teamizm,47856
619,2018-02-03 00:00:00,dogsrollin,68491
620,2020-10-29 00:00:00,beergod,33315
621,2022-12-18 00:00:00,LeMarsu,20232
622,2018-12-09 00:00:00,izzybrew99,141795
623,2018-07-20 00:00:00,freakytoe13,131201
624,2019-03-17 00:00:00,tomwhysy,157048
625,2021-07-28 00:00:00,ldcuervo,44818
626,2022-09-12 00:00:00,Collestrophe,146740
627,2019-01-11 00:00:00,Bigsilky,47026
628,2022-09-14 00:00:00,honomugym,148074
629,2022-09-01 00:00:00,tennessejed420,52710
630,2018-02-17 00:00:00,ericmoss3799,133636
631,2022-01-31 00:00:00,festyzizzle,123339
632,2021-05-03 00:00:00,pericles35,117533
633,2020-07-08 00:00:00,mxmstrbnji,49719
634,2020-06-19 00:00:00,KangLoco,69755
635,2022-08-18 00:00:00,tjw,6234
636,2021-04-28 00:00:00,cwolsen,137595
637,2022-06-14 00:00:00,BoBoChamp,70898
638,2021-07-04 00:00:00,ChrisThomson,155720
639,2018-01-15 00:00:00,partyninja,158775
640,2020-05-25 00:00:00,PopeGelasius3,9637
641,2021-06-26 00:00:00,exquicorp,85308
642,2022-03-08 00:00:00,brewhobo22,72023
643,2019-11-08 00:00:00,Union,80150
644,2022-12-22 00:00:00,BeerMeeting,52798
645,2019-11-19 00:00:00,motor725,101928
646,2023-01-08 00:00:00,Bluesman,135934
647,2018-08-06 00:00:00,GTPALMER,68730
648,2018-03-11 00:00:00,neojon,4773
649,2020-08-18 00:00:00,CraftBeerNick,139175
650,2021-09-28 00:00:00,RugbyDog,40458
651,2022-07-13 00:00:00,MacroBro,126355
652,2021-07-14 00:00:00,Mrtab,66877
653,2018-08-29 00:00:00,GNWBC,57188
654,2022-12-14 00:00:00,AKfaust,57578
655,2020-06-01 00:00:00,Weisseroy,115692
656,2019-11-07 00:00:00,mustapha,29645
657,2021-05-14 00:00:00,808beertaster,19475
658,2019-09-24 00:00:00,C4Warhead,136808
659,2021-06-05 00:00:00,Itypedformiles,149753
660,2021-01-30 00:00:00,steinlanguage,31250
661,2023-02-03 00:00:00,Mahlik,84281
662,2018-06-29 00:00:00,CBZED101,21119
663,2018-10-05 00:00:00,truckie455,32038
664,2021-07-31 00:00:00,jhjones,8229
665,2022-11-04 00:00:00,Unipong,148473
666,2018-03-16 00:00:00,MapleCity219,125623
667,2018-07-05 00:00:00,rannici,73168
668,2021-04-05 00:00:00,darrylgh,82144
669,2018-03-02 00:00:00,Bromine,50639
670,2018-01-05 00:00:00,goldenmonkey,64916
671,2019-04-21 00:00:00,DaveKShape,24226
672,2022-08-13 00:00:00,BekaTheWrekka,48987
673,2018-01-28 00:00:00,weharvie,72985
674,2021-12-31 00:00:00,brendy32,85140
675,2020-12-10 00:00:00,Laurent_,11849
676,2019-10-06 00:00:00,immiakita,158073
677,2021-06-23 00:00:00,brainlair,40996
678,2019-12-04 00:00:00,Cabeero,46105
679,2022-01-29 00:00:00,Brewkowski,93088
680,2022-03-21 00:00:00,bbrownbeerman,107371
681,2023-01-22 00:00:00,pollaczek,112503
682,2019-10-18 00:00:00,mrmikey,65162
683,2018-03-18 00:00:00,RenneR,63402
684,2020-06-11 00:00:00,bookman10,142464
685,2019-03-14 00:00:00,mirjukka,58787
686,2022-02-11 00:00:00,hateh2s,62391
687,2018-01-13 00:00:00,fialazol,34268
688,2018-01-21 00:00:00,AdamVrooman,73617
689,2019-08-06 00:00:00,slittvicious,111375
690,2019-03-07 00:00:00,littlefelix,102038
691,2020-02-12 00:00:00,vassago,145046
692,2019-08-06 00:00:00,tsjerno,114455
693,2020-08-16 00:00:00,kchampagne,57490
694,2022-12-09 00:00:00,jdaylett,75958
695,2022-01-20 00:00:00,terrytuna,48048
696,2020-04-30 00:00:00,Ace81287,132572
697,2019-10-17 00:00:00,beanryboy,11891
698,2022-05-31 00:00:00,DriveOn,26838
699,2020-05-03 00:00:00,mcg99,106308
700,2019-08-31 00:00:00,knickerbocker,107446
701,2021-12-07 00:00:00,yenbrat,87375
702,2018-09-12 00:00:00,Young Bo99,14988
703,2022-04-24 00:00:00,btalcott5,89511
704,2019-02-19 00:00:00,Jlockleg,117836
705,2020-07-08 00:00:00,TheCEO,35688
706,2021-09-26 00:00:00,Number1Dad,17713
707,2022-01-29 00:00:00,lilreddog77,58701
708,2022-05-31 00:00:00,bonestheman99,143552
709,2019-08-03 00:00:00,swimmer571,73796
710,2021-02-01 00:00:00,Jan Primus,52500
711,2021-04-28 00:00:00,Skeets,159707
712,2019-03-07 00:00:00,Pileus,74159
713,2020-02-19 00:00:00,uncleswilly,127434
714,2018-07-24 00:00:00,LeeLee,22207
715,2019-05-01 00:00:00,captpabst,131840
716,2019-02-13 00:00:00,CarterHayes,95855
717,2019-12-02 00:00:00,tbzinger9,137895
718,2021-03-02 00:00:00,jdarr,145244
719,2018-05-11 00:00:00,RogerRabbit,126109
720,2020-08-20 00:00:00,Jvittorio4187,110594
721,2022-07-17 00:00:00,rjwieczorek,18771
722,2019-12-15 00:00:00,zombywoof,33947
723,2018-12-25 00:00:00,beerman240,117833
724,2019-06-02 00:00:00,sybbor,131474
725,2019-01-11 00:00:00,Vandermeer,63186
726,2019-10-22 00:00:00,ladnewton,114192
727,2018-11-04 00:00:00,anthonybsd,138745
728,2021-03-21 00:00:00,krallski,8702
729,2022-06-21 00:00:00,beerandrugby,117427
730,2020-11-27 00:00:00,rpack78,97349
731,2019-02-28 00:00:00,repete86,63066
732,2022-08-05 00:00:00,mdfb79,72964
733,2019-03-04 00:00:00,brownaler,116472
734,2022-12-17 00:00:00,jmart041,107393
735,2022-04-25 00:00:00,Toddem,75613
736,2021-12-15 00:00:00,bridgland77,40495
737,2022-01-22 00:00:00,STAMEEX,94837
738,2020-01-10 00:00:00,mbeem,38865
739,2022-11-05 00:00:00,steelers#199,53441
740,2022-12-01 00:00:00,candlejack,129318
741,2021-08-02 00:00:00,RockYerFaceOff,81693
742,2019-04-26 00:00:00,_angst_,100228
743,2021-11-03 00:00:00,djones27,146124
744,2018-07-12 00:00:00,drinkinfla,20209
745,2018-06-07 00:00:00,simonbilyk,65251
746,2023-02-10 00:00:00,lordmeat,121005
747,2018-01-30 00:00:00,stokedskier420,19678
748,2021-11-28 00:00:00,teamizm,120485
749,2022-07-14 00:00:00,dogsrollin,30145
750,2021-05-18 00:00:00,beergod,65589
751,2020-05-05 00:00:00,LeMarsu,12959
752,2020-09-20 00:00:00,izzybrew99,94876
753,2020-05-19 00:00:00,freakytoe13,32746
754,2019-03-10 00:00:00,tomwhysy,34217
755,2018-07-23 00:00:00,ldcuervo,153720
756,2020-08-10 00:00:00,Collestrophe,90088
757,2018-11-10 00:00:00,Bigsilky,139923
758,2020-02-09 00:00:00,honomugym,50064
759,2019-12-16 00:00:00,tennessejed420,105962
760,2022-03-19 00:00:00,ericmoss3799,135126
761,2022-05-22 00:00:00,festyzizzle,96866
762,2022-09-19 00:00:00,pericles35,36115
763,2020-11-22 00:00:00,mxmstrbnji,124063
764,2021-03-29 00:00:00,KangLoco,38961
765,2018-10-01 00:00:00,tjw,18102
766,2021-01-19 00:00:00,cwolsen,118671
767,2018-03-15 00:00:00,BoBoChamp,132566
768,2018-10-19 00:00:00,ChrisThomson,141815
769,2018-11-10 00:00:00,partyninja,125797
770,2019-04-24 00:00:00,PopeGelasius3,136037
771,2020-09-21 00:00:00,exquicorp,137091
772,2022-10-08 00:00:00,brewhobo22,126194
773,2019-10-30 00:00:00,Union,39506
774,2019-01-09 00:00:00,BeerMeeting,76721
775,2021-07-31 00:00:00,motor725,154025
776,2019-10-03 00:00:00,Bluesman,70110
777,2019-07-07 00:00:00,GTPALMER,131973
778,2020-11-04 00:00:00,neojon,130966
779,2020-10-19 00:00:00,CraftBeerNick,147093
780,2022-05-11 00:00:00,RugbyDog,29341
781,2018-02-17 00:00:00,MacroBro,16996
782,2020-09-25 00:00:00,Mrtab,131302
783,2020-07-18 00:00:00,GNWBC,121331
784,2021-07-31 00:00:00,AKfaust,10974
785,2021-02-23 00:00:00,Weisseroy,114393
786,2022-01-20 00:00:00,mustapha,13597
787,2022-01-24 00:00:00,808beertaster,71552
788,2022-05-06 00:00:00,spaceman66,31126
789,2021-08-16 00:00:00,Robbenklopper99,150928
790,2020-05-25 00:00:00,gothambeer,113967
791,2021-05-05 00:00:00,wrath0fb0b,116160
792,2019-06-01 00:00:00,xoldlady,18080
793,2022-06-28 00:00:00,smg11,75200
794,2019-11-11 00:00:00,mossy,67504
795,2021-04-03 00:00:00,beerfreak89,150820
796,2021-07-19 00:00:00,DarkSong,82255
797,2020-05-14 00:00:00,schweinhund,55520
798,2022-05-25 00:00:00,kdhittel,142389
799,2019-06-04 00:00:00,scotty,24537
800,2019-10-03 00:00:00,StevenSimpson,60255
801,2019-08-31 00:00:00,Puma28,12865
802,2018-12-08 00:00:00,ward,30678
803,2018-12-23 00:00:00,holdan,41683
804,2020-06-17 00:00:00,Beefyco,9560
805,2020-02-24 00:00:00,RedShoes,119343
806,2018-05-10 00:00:00,bigben873,21437
807,2019-06-29 00:00:00,younn8,126106
808,2020-02-13 00:00:00,kylechaney,28994
809,2019-08-10 00:00:00,Golem1974,140532
810,2020-09-29 00:00:00,madsmikkelsen,100109
811,2023-01-20 00:00:00,knickspree,59881
812,2022-07-05 00:00:00,jim99,78927
813,2019-06-25 00:00:00,DicksMcGee,15676
814,2022-07-14 00:00:00,Chel,12984
815,2022-04-08 00:00:00,bscanlon,148760
816,2022-04-06 00:00:00,TeamCool,118500
817,2021-06-06 00:00:00,Tertius,123681
818,2019-06-27 00:00:00,atxx07,135528
819,2022-11-15 00:00:00,beerbill,80616
820,2022-06-24 00:00:00,tpatrickr,22069
821,2018-04-03 00:00:00,urbanight23,68571
822,2022-03-06 00:00:00,billlmiky,112158
823,2019-10-22 00:00:00,moserine,29651
824,2018-11-22 00:00:00,midejo,104515
825,2023-01-09 00:00:00,Tricked350,82993
826,2020-08-09 00:00:00,CSchenning,70054
827,2020-01-29 00:00:00,Hab40oz,37480
828,2019-11-18 00:00:00,Jacobsen,137467
829,2022-11-02 00:00:00,beerpizza,4405
830,2021-09-26 00:00:00,Todlich99,93776
831,2019-02-02 00:00:00,acread,299
832,2021-11-01 00:00:00,NelsonCrowle,99501
833,2018-05-07 00:00:00,ma78,80649
834,2022-04-11 00:00:00,SaintJay,105485
835,2022-05-14 00:00:00,ohiobrewman,86740
836,2018-04-03 00:00:00,superg22,98950
837,2019-03-22 00:00:00,rexalan,84986
838,2021-12-20 00:00:00,Carson,88069
839,2019-01-30 00:00:00,007lund,63621
840,2018-03-14 00:00:00,Rynoplasty,128636
841,2021-07-14 00:00:00,Kashdonkey,112642
842,2019-03-17 00:00:00,ivanimanishi,141879
843,2020-06-17 00:00:00,ReedBraman,115357
844,2022-07-08 00:00:00,geodave,47464
845,2018-04-21 00:00:00,dcguy,99740
846,2023-01-30 00:00:00,natman99,40546
847,2019-02-10 00:00:00,dakotabrewer,70561
848,2019-06-01 00:00:00,UncleTomCobley,28154
849,2019-03-10 00:00:00,sallyclub99,76299
850,2021-03-13 00:00:00,mchance,29216
851,2019-05-13 00:00:00,RJBennett,17771
852,2022-07-20 00:00:00,illdub,134918
853,2019-06-02 00:00:00,lasonovich,30028
854,2021-02-06 00:00:00,zachary37,100800
855,2020-05-14 00:00:00,beermazed,83350
856,2018-02-08 00:00:00,snowotter,50392
857,2019-04-30 00:00:00,DrSamPHD,89971
858,2019-02-14 00:00:00,BeerInHeaven,98399
859,2022-09-27 00:00:00,righlander,31906
860,2021-06-26 00:00:00,beermaker69,14207
861,2020-07-16 00:00:00,da845,58470
862,2018-11-29 00:00:00,Archibaldo de la Cruz,40878
863,2019-06-11 00:00:00,Elladan99,58131
864,2019-07-30 00:00:00,McDreamy,88629
865,2019-02-25 00:00:00,brewmeistersgb,4692
866,2022-03-24 00:00:00,leo_floyd,139851
867,2021-04-20 00:00:00,AleHole99,3247
868,2018-09-07 00:00:00,Stefano,89046
869,2021-06-18 00:00:00,nixon66,9969
870,2021-09-07 00:00:00,ako,28244
871,2018-03-25 00:00:00,maawallace,69440
872,2018-09-29 00:00:00,DharmaWarrior,124766
873,2018-07-28 00:00:00,mountainforest,63419
874,2019-02-03 00:00:00,NEBWineNBeer,100563
875,2018-02-28 00:00:00,Bukowski9,50573
876,2018-10-19 00:00:00,LaFinca,40000
877,2021-12-12 00:00:00,Adrian0999,14491
878,2019-06-14 00:00:00,StoutBeerNut,17384
879,2019-05-16 00:00:00,Anthndav,139010
880,2022-12-30 00:00:00,NeroFiddled,104021
881,2021-02-25 00:00:00,falafeljack,44750
882,2021-03-18 00:00:00,randomdude,49821
883,2018-01-02 00:00:00,JanR,56342
884,2021-10-21 00:00:00,timmofrancos,148165
885,2022-11-19 00:00:00,Rooney31,22523
886,2018-09-27 00:00:00,MishkinBeer,61230
887,2019-04-28 00:00:00,OlivierMTL,125580
888,2018-01-20 00:00:00,BeerTester,123438
889,2018-09-12 00:00:00,homebrewcolin,142634
890,2018-02-20 00:00:00,WesIRS,57206
891,2018-06-16 00:00:00,izeigler,112495
892,2020-09-14 00:00:00,CSchenning,105970
893,2022-07-19 00:00:00,Hab40oz,89514
894,2018-12-30 00:00:00,Jacobsen,11244
895,2018-09-14 00:00:00,beerpizza,145591
896,2019-10-23 00:00:00,Todlich99,50966
897,2020-11-21 00:00:00,acread,163096
898,2021-08-09 00:00:00,NelsonCrowle,35207
899,2020-11-23 00:00:00,ma78,156242
900,2019-09-09 00:00:00,SaintJay,18747
901,2021-01-30 00:00:00,ohiobrewman,71032
902,2021-03-24 00:00:00,superg22,102021
903,2020-10-30 00:00:00,rexalan,47718
904,2022-12-13 00:00:00,Carson,141448
905,2018-05-16 00:00:00,007lund,144958
906,2021-07-14 00:00:00,Rynoplasty,154994
907,2018-09-07 00:00:00,Kashdonkey,159324
908,2022-09-04 00:00:00,ivanimanishi,124344
909,2018-11-15 00:00:00,ReedBraman,1294
910,2019-10-05 00:00:00,geodave,153855
911,2021-09-20 00:00:00,dcguy,146069
912,2022-07-02 00:00:00,natman99,81427
913,2022-11-17 00:00:00,dakotabrewer,20534
914,2019-12-09 00:00:00,UncleTomCobley,45669
915,2022-10-23 00:00:00,sallyclub99,21978
916,2020-08-26 00:00:00,mchance,14616
917,2019-07-31 00:00:00,RJBennett,101840
918,2020-05-06 00:00:00,illdub,26647
919,2021-03-29 00:00:00,lasonovich,101734
920,2022-07-10 00:00:00,zachary37,124513
921,2020-02-11 00:00:00,beermazed,55889
922,2022-12-07 00:00:00,snowotter,141517
923,2022-08-14 00:00:00,DrSamPHD,45972
924,2021-11-29 00:00:00,BeerInHeaven,36837
925,2018-10-15 00:00:00,righlander,146753
926,2022-12-13 00:00:00,beermaker69,30943
927,2018-11-04 00:00:00,da845,31779
928,2022-06-22 00:00:00,Archibaldo de la Cruz,125069
929,2021-08-08 00:00:00,Elladan99,6317
930,2020-05-30 00:00:00,McDreamy,116795
931,2022-08-12 00:00:00,brewmeistersgb,13374
932,2022-10-08 00:00:00,leo_floyd,506
933,2021-07-25 00:00:00,AleHole99,149431
934,2021-12-16 00:00:00,Stefano,56113
935,2019-02-07 00:00:00,nixon66,66444
936,2018-02-20 00:00:00,ako,36926
937,2021-04-01 00:00:00,maawallace,128039
938,2022-11-21 00:00:00,DharmaWarrior,123410
939,2022-11-19 00:00:00,mountainforest,152144
940,2018-06-17 00:00:00,NEBWineNBeer,121323
941,2022-07-19 00:00:00,Bukowski9,26398
942,2022-07-05 00:00:00,LaFinca,40477
943,2022-11-12 00:00:00,Adrian0999,62300
944,2022-09-18 00:00:00,StoutBeerNut,63041
945,2021-10-27 00:00:00,Anthndav,145182
946,2021-06-24 00:00:00,NeroFiddled,37212
947,2019-12-10 00:00:00,falafeljack,55386
948,2020-04-23 00:00:00,randomdude,48480
949,2018-01-07 00:00:00,JanR,38795
950,2022-12-14 00:00:00,timmofrancos,73062
951,2018-07-30 00:00:00,Rooney31,64970
952,2021-09-07 00:00:00,MishkinBeer,142571
953,2020-03-11 00:00:00,OlivierMTL,46442
954,2022-05-23 00:00:00,BeerTester,151016
955,2021-09-30 00:00:00,homebrewcolin,37907
956,2021-09-28 00:00:00,WesIRS,149042
957,2023-02-01 00:00:00,izeigler,82516
958,2022-10-17 00:00:00,bookman10,70101
959,2019-11-04 00:00:00,mirjukka,45299
960,2020-04-21 00:00:00,hateh2s,53412
961,2023-02-05 00:00:00,fialazol,136329
962,2020-06-07 00:00:00,AdamVrooman,83927
963,2020-04-19 00:00:00,slittvicious,96997
964,2021-04-20 00:00:00,littlefelix,2390
965,2019-06-21 00:00:00,vassago,100620
966,2022-05-29 00:00:00,tsjerno,114839
967,2019-06-26 00:00:00,kchampagne,66735
968,2019-08-08 00:00:00,jdaylett,5198
969,2023-01-10 00:00:00,terrytuna,105692
970,2022-10-08 00:00:00,Ace81287,58467
971,2020-02-21 00:00:00,beanryboy,12991
972,2022-11-19 00:00:00,DriveOn,139126
973,2022-12-14 00:00:00,mcg99,114148
974,2018-05-07 00:00:00,knickerbocker,10921
975,2018-12-26 00:00:00,yenbrat,61046
976,2020-12-29 00:00:00,Young Bo99,152750
977,2020-03-20 00:00:00,btalcott5,136218
978,2021-11-23 00:00:00,Jlockleg,146095
979,2022-03-13 00:00:00,TheCEO,62164
980,2019-09-29 00:00:00,Number1Dad,23119
981,2020-04-26 00:00:00,lilreddog77,100372
982,2021-09-22 00:00:00,bonestheman99,116094
983,2020-04-12 00:00:00,swimmer571,85910
984,2020-12-31 00:00:00,Jan Primus,37340
985,2021-11-21 00:00:00,Skeets,95906
986,2021-11-17 00:00:00,Pileus,127407
987,2019-09-12 00:00:00,uncleswilly,59652
988,2020-06-29 00:00:00,LeeLee,163021
989,2020-11-16 00:00:00,captpabst,2644
990,2020-03-27 00:00:00,CarterHayes,99251
991,2021-02-22 00:00:00,tbzinger9,27028
992,2019-04-06 00:00:00,jdarr,72031
993,2019-06-03 00:00:00,RogerRabbit,139385
994,2018-06-17 00:00:00,Jvittorio4187,91747
995,2021-08-19 00:00:00,rjwieczorek,11993
996,2018-03-03 00:00:00,zombywoof,159303
997,2022-08-18 00:00:00,beerman240,106461
998,2022-03-14 00:00:00,sybbor,97746
999,2022-07-10 00:00:00,Vandermeer,38902
1000,2019-02-13 00:00:00,ladnewton,43043